x,y,guess,correct
透明ﾌﾛｰﾄ板ｶﾞﾗｽt=153556×2000,透明フロート１５㍉,透明フロート１５㍉,1
耐熱ガラスt8W1500×H2855,ﾏｲﾎﾞｰｶ(透明ﾌﾛｰﾄ)８㍉,ﾏｲﾎﾞｰｶ(透明ﾌﾛｰﾄ)８㍉,1
フロート板ガラス厚8.04.45㎡以下,透明フロート８㍉,透明フロート８㍉,1
複層ｶﾞﾗｽﾌﾛｰﾄt8+A10+LowEt8,ｻﾝﾊﾞﾗﾝｽLow-E8+A10+FL8,ｻﾝﾊﾞﾗﾝｽLow-E8+A10+FL8,1
フロートガラスt=102.18㎡以下,透明フロート１０㍉,透明フロート１０㍉,1
耐熱強化ガラス厚6.5100×2000,ﾏｲﾎﾞｰｶ(透明ﾌﾛｰﾄ)６.５㍉,ﾏｲﾎﾞｰｶ(透明ﾌﾛｰﾄ)６.５㍉,1
ﾌﾛｰﾄｶﾞﾗｽt52.18m2以下,透明フロート５㍉,透明フロート５㍉,1
姿見t=6,サンミラー６㍉･･･壁面／洗面,サンミラー６㍉･･･壁面／洗面,1
鏡t6W2241×H1700,サンミラー６㍉･･･壁面／洗面,サンミラー６㍉･･･壁面／洗面,1
化粧鏡t5.0W2368×H1000,サンミラー５㍉･･･壁面／洗面,サンミラー５㍉･･･壁面／洗面,1
複層ｶﾞﾗｽLowE5+A12+FL102.00m2以下,ｻﾝﾊﾞﾗﾝｽLow-E6+A12+FL10,ｻﾝﾊﾞﾗﾝｽLow-E6+A12+FL10,1
複層ガラス厚24.04.00㎡以下FL10+A6+FL8,ﾍﾟｱｶﾞﾗｽFL10+A6+FL8,ﾍﾟｱｶﾞﾗｽFL10+A6+FL8,1
複層ｶﾞﾗｽLowE5+A12+FL5特寸4.0㎡以下,ｻﾝﾊﾞﾗﾝｽLow-E5+A12+FL5,ｻﾝﾊﾞﾗﾝｽLow-E5+A12+FL5,1
ﾌﾛｰﾄ合せｶﾞﾗｽ厚さ12+12H900,ﾗﾐｾｰﾌｾｷｭﾘﾃｨｰ(30mil)FL12+FL12H900,ﾗﾐｾｰﾌｾｷｭﾘﾃｨｰ(30mil)FL12+FL12H900,1
大型鏡ｽﾃﾝﾚｽW2000×H2000,〈ｽﾃﾝﾚｽ製W2000×H20001枚〉,〈ｽﾃﾝﾚｽ製W2000×H20001枚〉,1
ﾌﾛｽﾄｶﾞﾗｽ厚さ4.0mm120×1800(SD-207他),型板ガラス４㍉,型板ガラス４㍉,1
複層ｶﾞﾗｽﾌﾛｰﾄt8+A12+ﾌﾛｰﾄt64.0m2以下,ﾍﾟｱｶﾞﾗｽFL6+A12+FL8,ﾍﾟｱｶﾞﾗｽFL6+A12+FL8,1
防護柵強化ガラスt=10W700×H500,ﾃﾝﾊﾟﾗｲﾄ(透明ﾌﾛｰﾄ)１０㍉（ｶﾞﾗｽのみ）,ﾃﾝﾊﾟﾗｲﾄ(透明ﾌﾛｰﾄ)１０㍉（ｶﾞﾗｽのみ）,1
強化合わせガラスTG10+TG124.00㎡以下,ﾗﾐｾｰﾌｾｷｭﾘﾃｨｰ(60mil)強化10+強化12,ﾗﾐｾｰﾌｾｷｭﾘﾃｨｰ(60mil)強化10+強化12,1
複層ｶﾞﾗｽﾌﾛｰﾄt10+A10+ﾌﾛｰﾄt8,ﾍﾟｱｶﾞﾗｽFL8+A10+FL10,ﾍﾟｱｶﾞﾗｽFL8+A10+FL10,1
フロートガラスt=6.04.45㎡以下,透明フロート６㍉,透明フロート６㍉,1
Ｌｏｗ－Ｅ複層ガラスLow-ETP8+A12+TP84.00㎡以下,ｻﾝﾊﾞﾗﾝｽLow-E強化8+A12+強化8,ｻﾝﾊﾞﾗﾝｽLow-E強化8+A12+強化8,1
化粧鏡t5.0W1855.5×H900,サンミラー５㍉･･･壁面／洗面,サンミラー５㍉･･･壁面／洗面,1
フロートガラスt104.45㎡以下,透明フロート１０㍉,透明フロート１０㍉,1
強化ガラスt=12.04.00㎡以下防護柵用,ﾃﾝﾊﾟﾗｲﾄ(透明ﾌﾛｰﾄ)１２㍉,ﾃﾝﾊﾟﾗｲﾄ(透明ﾌﾛｰﾄ)１２㍉,1
ガラス手摺H1200平部強化ｶﾞﾗｽt15,ﾃﾝﾊﾟﾗｲﾄ(透明ﾌﾛｰﾄ)１５㍉H1200平部,ﾃﾝﾊﾟﾗｲﾄ(透明ﾌﾛｰﾄ)１５㍉H1200平部,1
合わせｶﾞﾗｽ耐熱強化t8+強化t8,ﾗﾐｾｰﾌｾｷｭﾘﾃｨｰ(60mil)耐熱強化8+強化8,ﾗﾐｾｰﾌｾｷｭﾘﾃｨｰ(60mil)耐熱強化8+強化8,1
耐熱ガラスt6.5W1500×H500,ﾏｲﾎﾞｰｶ(透明ﾌﾛｰﾄ)６.５㍉,ﾏｲﾎﾞｰｶ(透明ﾌﾛｰﾄ)６.５㍉,1
自動扉衝突防止柵強化ｶﾞﾗｽ厚8,ﾃﾝﾊﾟﾗｲﾄ(透明ﾌﾛｰﾄ)８㍉,ﾃﾝﾊﾟﾗｲﾄ(透明ﾌﾛｰﾄ)８㍉,1
ﾌﾛｰﾄ板ｶﾞﾗｽ厚さ8特寸4.45㎡以下,透明フロート８㍉,透明フロート８㍉,1
化粧鏡厚6W500×H500ｺｰﾅｰR加工,異形サンミラー６㍉･･･壁面／洗面,異形サンミラー６㍉･･･壁面／洗面,1
複層ｶﾞﾗｽﾌﾛｰﾄt10+A12+ﾌﾛｰﾄt84.0m2以下,ﾍﾟｱｶﾞﾗｽFL8+A12+FL10,ﾍﾟｱｶﾞﾗｽFL8+A12+FL10,1
強化合わせｶﾞﾗｽ厚10.0+8.0H=1050,ﾗﾐｾｰﾌｾｷｭﾘﾃｨｰ(60mil)強化8+強化10H1050,ﾗﾐｾｰﾌｾｷｭﾘﾃｨｰ(60mil)強化8+強化10H1050,1
フロート板ガラスt6W40×H2100,透明フロート６㍉,透明フロート６㍉,1
ｶﾞﾗｽ手摺平部高さ1350強化合せｶﾞﾗｽ厚12+12,ﾗﾐｾｰﾌｾｷｭﾘﾃｨｰ(60mil)強化12+強化12H1350,ﾗﾐｾｰﾌｾｷｭﾘﾃｨｰ(60mil)強化12+強化12H1350,1
強化ｶﾞﾗｽ厚124.00m2以下,ﾃﾝﾊﾟﾗｲﾄ(透明ﾌﾛｰﾄ)１２㍉,ﾃﾝﾊﾟﾗｲﾄ(透明ﾌﾛｰﾄ)１２㍉,1
合せｶﾞﾗｽFL12+FL84.0㎡以下,ﾗﾐｾｰﾌｾｷｭﾘﾃｨｰ(30mil)FL8+FL12,ﾗﾐｾｰﾌｾｷｭﾘﾃｨｰ(30mil)FL8+FL12,1
姿見鏡W450×H2100厚5.0防錆鏡,ｻﾝﾐﾗｰﾃﾞﾗｯｸｽ５㍉･･･壁面／洗面,ｻﾝﾐﾗｰﾃﾞﾗｯｸｽ５㍉･･･壁面／洗面,1
強化ｶﾞﾗｽt52.00m2以下,ﾃﾝﾊﾟﾗｲﾄ(透明ﾌﾛｰﾄ)５㍉,ﾃﾝﾊﾟﾗｲﾄ(透明ﾌﾛｰﾄ)５㍉,1
耐熱強化ガラス厚6.5100×2000,ﾏｲﾎﾞｰｶ(透明ﾌﾛｰﾄ)６.５㍉,ﾏｲﾎﾞｰｶ(透明ﾌﾛｰﾄ)６.５㍉,1
フロストミラー,ﾌﾛｽﾄｸﾞﾗｽﾒﾀﾘｯｸ５㍉,ﾌﾛｽﾄｸﾞﾗｽﾒﾀﾘｯｸ５㍉,1
Ｌｏｗ－Ｅ複層ガラスLow-ETP8+A12+TP82.00㎡以下異形(切断有),ｻﾝﾊﾞﾗﾝｽLow-E強化8+A12+強化8（異形）,ｻﾝﾊﾞﾗﾝｽLow-E強化8+A12+強化8（異形）,1
鏡t6W2914×H1700,サンミラー６㍉･･･壁面／洗面,サンミラー６㍉･･･壁面／洗面,1
複層ｶﾞﾗｽ強化LE8+A12+TG8特寸4.00㎡以下,ｻﾝﾊﾞﾗﾝｽLow-E強化8+A12+強化8,ｻﾝﾊﾞﾗﾝｽLow-E強化8+A12+強化8,1
LEaAW-e2複層ｶﾞﾗｽLowe8+A12+FL8異形900×3300(2.7m2),異形ｻﾝﾊﾞﾗﾝｽLow-E8+A12+FL8,異形ｻﾝﾊﾞﾗﾝｽLow-E8+A12+FL8,1
化粧鏡t5.0W1855.5×H900,サンミラー５㍉･･･壁面／洗面,サンミラー５㍉･･･壁面／洗面,1
防煙垂壁A網入型板ｶﾞﾗｽ厚6.8,サンスモークカットＴ（一般天井用）,サンスモークカットＴ（一般天井用）,1
ﾌﾛｰﾄ板ｶﾞﾗｽ厚さ10.0mm特寸2.18㎡以下,透明フロート１０㍉,透明フロート１０㍉,1
化粧鏡L2390×H1000,サンミラー５㍉･･･壁面／洗面,サンミラー５㍉･･･壁面／洗面,1
ｶﾞﾗｽ手摺H1100平部強化ｶﾞﾗｽt12,ﾃﾝﾊﾟﾗｲﾄ(透明ﾌﾛｰﾄ)12㍉H1100(ｶﾞﾗｽのみ),ﾃﾝﾊﾟﾗｲﾄ(透明ﾌﾛｰﾄ)12㍉H1100(ｶﾞﾗｽのみ),1
耐熱ガラスt5W40×H1700,ﾏｲﾎﾞｰｶ(透明ﾌﾛｰﾄ)５㍉,ﾏｲﾎﾞｰｶ(透明ﾌﾛｰﾄ)５㍉,1
強化合わせガラスTG10+TG12W760×H2215,ﾗﾐｾｰﾌｾｷｭﾘﾃｨｰ(60mil)強化10+強化12,ﾗﾐｾｰﾌｾｷｭﾘﾃｨｰ(60mil)強化10+強化12,1
複層ｶﾞﾗｽﾌﾛｰﾄt12+A12+ﾌﾛｰﾄt84.0m2以下,ﾍﾟｱｶﾞﾗｽFL8+A12+FL12,ﾍﾟｱｶﾞﾗｽFL8+A12+FL12,1
強化ｶﾞﾗｽt104.00m2以下,ﾃﾝﾊﾟﾗｲﾄ(透明ﾌﾛｰﾄ)１０㍉,ﾃﾝﾊﾟﾗｲﾄ(透明ﾌﾛｰﾄ)１０㍉,1
複層ガラスPWt6.8+A+FL102.0㎡,ﾍﾟｱｶﾞﾗｽPW6.8+A12+FL10,ﾍﾟｱｶﾞﾗｽPW6.8+A12+FL10,1
網入みがき板ｶﾞﾗｽ厚さ10W1879×H1027.2,異形網入磨ガラス(ﾋｼ)１０㍉,異形網入磨ガラス(ﾋｼ)１０㍉,1
LEaAW-e2複層ｶﾞﾗｽLowe8+A12+FL8異形900×3100(2.7m2),異形ｻﾝﾊﾞﾗﾝｽLow-E8+A12+FL8,異形ｻﾝﾊﾞﾗﾝｽLow-E8+A12+FL8,1
複層ｶﾞﾗｽLE8+A12+HS8特寸2.00㎡以下,ｻﾝﾊﾞﾗﾝｽLow-E8+A12+HS8,ｻﾝﾊﾞﾗﾝｽLow-E8+A12+HS8,1
複層ｶﾞﾗｽLowE6+A12+FL6特寸6.0㎡以下,ｻﾝﾊﾞﾗﾝｽLow-E6+A12+FL6,ｻﾝﾊﾞﾗﾝｽLow-E6+A12+FL6,1
強化ｶﾞﾗｽ厚62.00m2以下,ﾃﾝﾊﾟﾗｲﾄ(透明ﾌﾛｰﾄ)６㍉,ﾃﾝﾊﾟﾗｲﾄ(透明ﾌﾛｰﾄ)６㍉,1
フロートガラスt84.45㎡以下,透明フロート８㍉,透明フロート８㍉,1
化粧鏡厚5W500×H1300両端部幅50ﾌﾞﾗｽﾄ処理,化粧鏡5㍉両端幅50ﾌﾛｽﾄ処理,化粧鏡5㍉両端幅50ﾌﾛｽﾄ処理,1
複層ｶﾞﾗｽLowE5+A12+FL64.00m2以下,ｻﾝﾊﾞﾗﾝｽLow-E5+A12+FL6,ｻﾝﾊﾞﾗﾝｽLow-E5+A12+FL6,1
引違ｶﾞﾗｽ戸ﾌﾛｰﾄ厚5800×600,透明フロート５㍉,透明フロート５㍉,1
ﾌﾛｰﾄｶﾞﾗｽt104.45m2以下,透明フロート１０㍉,透明フロート１０㍉,1
ガラスパーティションﾌﾛｰﾄｶﾞﾗｽt10,透明フロート１０㍉,透明フロート１０㍉,1
複層ｶﾞﾗｽﾌﾛｰﾄt10+A10+LowEt10,ｻﾝﾊﾞﾗﾝｽLow-E10+A10+FL10,ｻﾝﾊﾞﾗﾝｽLow-E10+A10+FL10,1
強化ｶﾞﾗｽ厚さ6㎜平面2.0㎡以下,ﾃﾝﾊﾟﾗｲﾄ(透明ﾌﾛｰﾄ)６㍉,ﾃﾝﾊﾟﾗｲﾄ(透明ﾌﾛｰﾄ)６㍉,1
強化ｶﾞﾗｽ厚さ6㎜平面6.0㎡以下,ﾃﾝﾊﾟﾗｲﾄ(透明ﾌﾛｰﾄ)６㍉,ﾃﾝﾊﾟﾗｲﾄ(透明ﾌﾛｰﾄ)６㍉,1
フロート板ガラス厚8.02.18㎡以下,透明フロート８㍉,透明フロート８㍉,1
透明ﾌﾛｰﾄ板ｶﾞﾗｽt=152709×2800,透明フロート１５㍉,透明フロート１５㍉,1
フロートガラスt102.18㎡以下,透明フロート１０㍉,透明フロート１０㍉,1
合わせｶﾞﾗｽ強化t8+強化t8,ﾗﾐｾｰﾌｾｷｭﾘﾃｨｰ(60mil)強化8+強化8,ﾗﾐｾｰﾌｾｷｭﾘﾃｨｰ(60mil)強化8+強化8,1
ガラススクリーンW15000×H2000強化合わせｶﾞﾗｽt=8+8,ﾗﾐｾｰﾌｾｷｭﾘﾃｨｰ(60mil)強化8+強化8,ﾗﾐｾｰﾌｾｷｭﾘﾃｨｰ(60mil)強化8+強化8,1
化粧鏡300×600×厚5,サンミラー５㍉･･･壁面／洗面,サンミラー５㍉･･･壁面／洗面,1
複層ｶﾞﾗｽLowE12+A12+FL154.00m2以下,ｻﾝﾊﾞﾗﾝｽLow-E12+A12+FL15,ｻﾝﾊﾞﾗﾝｽLow-E12+A12+FL15,1
防煙垂壁網入り磨き板ｶﾞﾗｽt6.8,網(線)入りｶﾞﾗｽ6.8ﾐﾘ,網(線)入りｶﾞﾗｽ6.8ﾐﾘ,1
ガラス手摺H1200斜部強化ｶﾞﾗｽt15,ﾃﾝﾊﾟﾗｲﾄ(透明ﾌﾛｰﾄ)１５㍉H1200斜部,ﾃﾝﾊﾟﾗｲﾄ(透明ﾌﾛｰﾄ)１５㍉H1200斜部,1
フロートガラスt122.18㎡以下,透明フロート１２㍉,透明フロート１２㍉,1
複層ｶﾞﾗｽFL6+A12+FL6特寸6.0㎡以下,ﾍﾟｱｶﾞﾗｽFL6+A12+FL6,ﾍﾟｱｶﾞﾗｽFL6+A12+FL6,1
ﾌﾛｰﾄ板ｶﾞﾗｽ厚さ8特寸11.36㎡以下,透明フロート８㍉,透明フロート８㍉,1
複層ｶﾞﾗｽFL10+A12+FL12特寸10.0㎡以下,ﾍﾟｱｶﾞﾗｽFL10+A12+FL12,ﾍﾟｱｶﾞﾗｽFL10+A12+FL12,1
化粧鏡厚6W850×H2400,サンミラー６㍉･･･壁面／洗面,サンミラー６㍉･･･壁面／洗面,1
複層ｶﾞﾗｽ網入型t6.8+A12+防犯合(ﾌﾛｰﾄt3+t3),ﾍﾟｱｶﾞﾗｽｾｷｭﾘﾃｨｰFL3+FL3(30ﾐﾙ)+A12+FW6.8,ﾍﾟｱｶﾞﾗｽｾｷｭﾘﾃｨｰFL3+FL3(30ﾐﾙ)+A12+FW6.8,1
化粧鏡厚6W1700×H500ｺｰﾅｰR加工,異形サンミラー６㍉･･･壁面／洗面,異形サンミラー６㍉･･･壁面／洗面,1
ﾌﾛｰﾄｶﾞﾗｽ厚5100×1800ﾀﾍﾟｽﾄﾘｰ加工,透明フロート５㍉※,透明フロート５㍉※,1
ﾌﾛｽﾄｶﾞﾗｽ厚さ4.0mm120×800(LD-K03他),型板ガラス４㍉,型板ガラス４㍉,1
ﾌﾛｰﾄｶﾞﾗｽt124.45m2以下,透明フロート１２㍉,透明フロート１２㍉,1
鏡t6W2066×H1700,サンミラー６㍉･･･壁面／洗面,サンミラー６㍉･･･壁面／洗面,1
強化ガラスt=6.06.00㎡以下,ﾃﾝﾊﾟﾗｲﾄ(透明ﾌﾛｰﾄ)６㍉,ﾃﾝﾊﾟﾗｲﾄ(透明ﾌﾛｰﾄ)６㍉,1
合せガラスt=30.0W3020×H2865FL15+FL15,ﾗﾐｾｰﾌｾｷｭﾘﾃｨｰ(30mil)FL15+FL15（特）,ﾗﾐｾｰﾌｾｷｭﾘﾃｨｰ(30mil)FL15+FL15（特）,1
ﾌﾛｰﾄ板ｶﾞﾗｽ厚さ6W100×H900,透明フロート６㍉,透明フロート６㍉,1
複層ガラスt32W1185×H3730FL10+A12+Low-E10,ｻﾝﾊﾞﾗﾝｽLow-E10+A12+FL10(L),ｻﾝﾊﾞﾗﾝｽLow-E10+A12+FL10(L),1
複層ｶﾞﾗｽﾌﾛｰﾄt6+A12+網入型t6.82.0m2以下,ﾍﾟｱｶﾞﾗｽFW6.8+A12+FL6,ﾍﾟｱｶﾞﾗｽFW6.8+A12+FL6,1
化粧鏡L1800×H1000,サンミラー５㍉･･･壁面／洗面,サンミラー５㍉･･･壁面／洗面,1
複層ｶﾞﾗｽFL6+A12+P6.82.00m2以下,ﾍﾟｱｶﾞﾗｽPW6.8+A12+FL6,ﾍﾟｱｶﾞﾗｽPW6.8+A12+FL6,1
複層ｶﾞﾗｽLowE12+A12+FL124.00m2以下,ｻﾝﾊﾞﾗﾝｽLow-E12+A12+FL12,ｻﾝﾊﾞﾗﾝｽLow-E12+A12+FL12,1
ﾌﾛｽﾄｶﾞﾗｽ厚さ15.0mm特寸4.45㎡以下,フロストグラス（プレーン）１５㍉,フロストグラス（プレーン）１５㍉,1
複層ｶﾞﾗｽFL5+A12+FL52.00m2以下,ﾍﾟｱｶﾞﾗｽFL5+A12+FL5,ﾍﾟｱｶﾞﾗｽFL5+A12+FL5,1
複層ｶﾞﾗｽFL5+A12+FL54.00m2以下,ﾍﾟｱｶﾞﾗｽFL5+A12+FL5,ﾍﾟｱｶﾞﾗｽFL5+A12+FL5,1
引違ｶﾞﾗｽ戸ﾌﾛｰﾄ厚5800×600,透明フロート５㍉,透明フロート５㍉,1
耐熱強化ｶﾞﾗｽt104.00m2以下,ﾏｲﾎﾞｰｶ(透明ﾌﾛｰﾄ)１０㍉,ﾏｲﾎﾞｰｶ(透明ﾌﾛｰﾄ)１０㍉,1
ﾌﾛｰﾄｶﾞﾗｽt102.18m2以下,透明フロート１０㍉,透明フロート１０㍉,1
姿見t=6,サンミラー６㍉･･･壁面／洗面,サンミラー６㍉･･･壁面／洗面,1
ﾌﾛｰﾄｶﾞﾗｽt82.18m2以下,透明フロート８㍉,透明フロート８㍉,1
強化ｶﾞﾗｽt84.00m2以下,ﾃﾝﾊﾟﾗｲﾄ(透明ﾌﾛｰﾄ)８㍉,ﾃﾝﾊﾟﾗｲﾄ(透明ﾌﾛｰﾄ)８㍉,1
倍強度ガラスt=6.02.00㎡以下ｾﾗﾐｯｸﾌﾟﾘﾝﾄ,セラプリライト６㍉＜指定柄＞,セラプリライト６㍉＜指定柄＞,1
耐熱ガラスt5W1060×H2400,ﾏｲﾎﾞｰｶ(透明ﾌﾛｰﾄ)５㍉,ﾏｲﾎﾞｰｶ(透明ﾌﾛｰﾄ)５㍉,1
透明ﾌﾛｰﾄ板ｶﾞﾗｽt=152554×2800,透明フロート１５㍉,透明フロート１５㍉,1
防護柵強化ガラスt=10W700×H500,ﾃﾝﾊﾟﾗｲﾄ(透明ﾌﾛｰﾄ)１０㍉（ｶﾞﾗｽのみ）,ﾃﾝﾊﾟﾗｲﾄ(透明ﾌﾛｰﾄ)１０㍉（ｶﾞﾗｽのみ）,1
複層ガラスt364.0㎡以下FL12+A12+Low-E12,ｻﾝﾊﾞﾗﾝｽLow-E12+A12+FL12,ｻﾝﾊﾞﾗﾝｽLow-E12+A12+FL12,1
合わせｶﾞﾗｽﾌﾛ-ﾄt5+ﾌﾛ-ﾄt54.0m2以下,ﾗﾐｾｰﾌｾｷｭﾘﾃｨｰ(30mil)FL5+FL5,ﾗﾐｾｰﾌｾｷｭﾘﾃｨｰ(30mil)FL5+FL5,1
複層ガラスt32W700×H3730FL10+A12+Low-E10,ｻﾝﾊﾞﾗﾝｽLow-E10+A12+FL10(L),ｻﾝﾊﾞﾗﾝｽLow-E10+A12+FL10(L),1
強化ｶﾞﾗｽ厚さ6㎜平面6.0㎡以下,ﾃﾝﾊﾟﾗｲﾄ(透明ﾌﾛｰﾄ)６㍉,ﾃﾝﾊﾟﾗｲﾄ(透明ﾌﾛｰﾄ)６㍉,1
ﾌﾛｰﾄｶﾞﾗｽ厚52.18m2以下,透明フロート５㍉,透明フロート５㍉,1
複層ｶﾞﾗｽTG8+A12+TG8特寸6.0㎡以下,ﾍﾟｱｶﾞﾗｽ強化8+A12+強化8,ﾍﾟｱｶﾞﾗｽ強化8+A12+強化8,1
フロートガラスt124.45㎡以下,透明フロート１２㍉,透明フロート１２㍉,1
複層ｶﾞﾗｽLowE8+A12+FL8特寸6.0㎡以下,ｻﾝﾊﾞﾗﾝｽLow-E8+A12+FL8,ｻﾝﾊﾞﾗﾝｽLow-E8+A12+FL8,1
複層ｶﾞﾗｽ合(ﾌﾛｰﾄt5+乳半色中間膜+ﾌﾛｰﾄt5)+A10+LowEt10,ｻﾝﾊﾞﾗﾝｽｾｷｭﾘﾃｨｰLow-E10+A10+FL5+FL5(乳30),ｻﾝﾊﾞﾗﾝｽｾｷｭﾘﾃｨｰLow-E10+A10+FL5+FL5(乳30),1
フロートガラスt104.45㎡以下,透明フロート１０㍉,透明フロート１０㍉,1
Ｌｏｗ－Ｅ複層ガラスLow-E8+A12+FL84.00㎡以下,ｻﾝﾊﾞﾗﾝｽLow-E8+A12+FL8,ｻﾝﾊﾞﾗﾝｽLow-E8+A12+FL8,1
ガラス手摺H1200平部強化ｶﾞﾗｽt15,ﾃﾝﾊﾟﾗｲﾄ(透明ﾌﾛｰﾄ)１５㍉H1200平部,ﾃﾝﾊﾟﾗｲﾄ(透明ﾌﾛｰﾄ)１５㍉H1200平部,1
強化型板ｶﾞﾗｽW850×H2450厚8.0,フロスト熱処理ガラス８㍉,フロスト熱処理ガラス８㍉,1
ﾀﾞﾌﾞﾙｶﾞﾗｽﾄﾞｱ強化5+強化5900×2700,ﾗﾐｾｰﾌｾｷｭﾘﾃｨｰ(60mil)強化5+強化5,ﾗﾐｾｰﾌｾｷｭﾘﾃｨｰ(60mil)強化5+強化5,1
すり板ガラスt=5.0W100×H100,すり板ガラス５㍉,すり板ガラス５㍉,1
LEa複層ｶﾞﾗｽLowe6+A12+FL64.00m2以下,ｻﾝﾊﾞﾗﾝｽLow-E6+A12+FL6,ｻﾝﾊﾞﾗﾝｽLow-E6+A12+FL6,1
ﾌﾛｰﾄ板ｶﾞﾗｽ厚さ6.0mm120×1800(HSD-101a),透明フロート６㍉,透明フロート６㍉,1
化粧鏡t5.0W450×H1000,サンミラー５㍉･･･壁面／洗面,サンミラー５㍉･･･壁面／洗面,1
強化ｶﾞﾗｽ厚さ6㎜平面4.0㎡以下,ﾃﾝﾊﾟﾗｲﾄ(透明ﾌﾛｰﾄ)６㍉,ﾃﾝﾊﾟﾗｲﾄ(透明ﾌﾛｰﾄ)６㍉,1
強化ｶﾞﾗｽ厚さ12.0mm平面4.00㎡以下,ﾃﾝﾊﾟﾗｲﾄ(透明ﾌﾛｰﾄ)１２㍉,ﾃﾝﾊﾟﾗｲﾄ(透明ﾌﾛｰﾄ)１２㍉,1
合わせｶﾞﾗｽPSG5+PSG52.00㎡以下,ﾗﾐｾｰﾌｾｷｭﾘﾃｨｰ(30mil)FL5+FL5,ﾗﾐｾｰﾌｾｷｭﾘﾃｨｰ(30mil)FL5+FL5,1
強化ｶﾞﾗｽ厚さ8.0mm250×500(SSD-101),ﾃﾝﾊﾟﾗｲﾄ(透明ﾌﾛｰﾄ)８㍉,ﾃﾝﾊﾟﾗｲﾄ(透明ﾌﾛｰﾄ)８㍉,1
防犯合わせﾌｧｲﾔｰｶﾞﾗｽt5+t4180×1600,カラーラミセーフFL4+FR5(乳60),カラーラミセーフFL4+FR5(乳60),1
合わせｶﾞﾗｽFL8(4+4)平面2.0㎡以下,ﾗﾐｾｰﾌｾｷｭﾘﾃｨｰ(30mil)FL4+FL4,ﾗﾐｾｰﾌｾｷｭﾘﾃｨｰ(30mil)FL4+FL4,1
フロート板ガラス厚8.04.45㎡以下,透明フロート８㍉,透明フロート８㍉,1
合わせガラスPWG10+FL82.00㎡以下,ﾗﾐｾｰﾌｾｷｭﾘﾃｨｰ(30mil)PW10+FL8,ﾗﾐｾｰﾌｾｷｭﾘﾃｨｰ(30mil)PW10+FL8,1
強化ｶﾞﾗｽt8W1995×H3450,ﾃﾝﾊﾟﾗｲﾄ(透明ﾌﾛｰﾄ)８㍉,ﾃﾝﾊﾟﾗｲﾄ(透明ﾌﾛｰﾄ)８㍉,1
耐熱強化ｶﾞﾗｽ厚さ5.0mm平面2.00㎡以下,ﾏｲﾎﾞｰｶ(透明ﾌﾛｰﾄ)５㍉,ﾏｲﾎﾞｰｶ(透明ﾌﾛｰﾄ)５㍉,1
鏡t6W2241×H1700,サンミラー６㍉･･･壁面／洗面,サンミラー６㍉･･･壁面／洗面,1
合わせｶﾞﾗｽ(ｶﾗｰ中間膜)ﾌﾛ-ﾄt4+ﾌﾛ-ﾄt40.8m2以下,カラーラミセーフFL4+FL4(30mil),カラーラミセーフFL4+FL4(30mil),1
化粧鏡450×600×厚5,サンミラー５㍉･･･壁面／洗面,サンミラー５㍉･･･壁面／洗面,1
透明ﾌﾛｰﾄ板ｶﾞﾗｽt=156.81㎡以下,透明フロート１５㍉,透明フロート１５㍉,1
フロートガラスt=6.04.45㎡以下,透明フロート６㍉,透明フロート６㍉,1
Ｌｏｗ－Ｅ複層ガラスLow-E8+A12+FL84.00㎡以下,ｻﾝﾊﾞﾗﾝｽLow-E8+A12+FL8,ｻﾝﾊﾞﾗﾝｽLow-E8+A12+FL8,1
合わせｶﾞﾗｽ網入磨t6.8+ﾌﾛ-ﾄt64.0m2以下,ﾗﾐｾｰﾌｾｷｭﾘﾃｨｰ(30mil)PW6.8+FL6,ﾗﾐｾｰﾌｾｷｭﾘﾃｨｰ(30mil)PW6.8+FL6,1
Low-E複層ガラス厚20.02.00㎡以下Low-E6+A6+FL8,ｻﾝﾊﾞﾗﾝｽLow-E6+A6+FL8,ｻﾝﾊﾞﾗﾝｽLow-E6+A6+FL8,1
ﾌﾛｰﾄｶﾞﾗｽt8W100×H1900,透明フロート８㍉,透明フロート８㍉,1
複層ガラスt366.0㎡以下FL12+A12+Low-E12,ｻﾝﾊﾞﾗﾝｽLow-E12+A12+FL12,ｻﾝﾊﾞﾗﾝｽLow-E12+A12+FL12,1
ﾌﾞﾗｲﾝﾄﾞ内蔵ｶﾞﾗｽﾌﾛｰﾄ6+ﾌﾞﾗｲﾝﾄﾞ+ﾌﾛｰﾄ5842×1100,〈ﾌﾞﾗｲﾝﾄﾞ内蔵ｶﾞﾗｽFL6+ﾌﾞﾗｲﾝﾄﾞ+FL5〉,〈ﾌﾞﾗｲﾝﾄﾞ内蔵ｶﾞﾗｽFL6+ﾌﾞﾗｲﾝﾄﾞ+FL5〉,1
LEaAD-1複層ｶﾞﾗｽLowe10+A12+FL122827.5×2310,ｻﾝﾊﾞﾗﾝｽLow-E10+A12+FL12,ｻﾝﾊﾞﾗﾝｽLow-E10+A12+FL12,1
フロート板ガラス厚6.0W100×H1900,透明フロート６㍉,透明フロート６㍉,1
合せガラス厚16.04.00㎡以下FL8+FL8,ﾗﾐｾｰﾌｾｷｭﾘﾃｨｰ(30mil)FL8+FL8,ﾗﾐｾｰﾌｾｷｭﾘﾃｨｰ(30mil)FL8+FL8,1
強化ｶﾞﾗｽt104.00m2以下,ﾃﾝﾊﾟﾗｲﾄ(透明ﾌﾛｰﾄ)１０㍉,ﾃﾝﾊﾟﾗｲﾄ(透明ﾌﾛｰﾄ)１０㍉,1
ﾌﾛｰﾄ板ｶﾞﾗｽ厚さ8特寸6.81㎡以下,透明フロート８㍉,透明フロート８㍉,1
複層ｶﾞﾗｽﾌﾛｰﾄt6+A12+ﾌﾛｰﾄt82.0m2以下,ﾍﾟｱｶﾞﾗｽFL6+A12+FL8,ﾍﾟｱｶﾞﾗｽFL6+A12+FL8,1
強化ガラスt=8.02.00㎡以下,ﾃﾝﾊﾟﾗｲﾄ(透明ﾌﾛｰﾄ)８㍉,ﾃﾝﾊﾟﾗｲﾄ(透明ﾌﾛｰﾄ)８㍉,1
フロート板ガラスt62.18㎡以下,透明フロート６㍉,透明フロート６㍉,1
ｽﾃﾝﾄﾞｸﾞﾗｽｶﾊﾞｰ強化ｶﾞﾗｽ厚さ6㎜平面2.0㎡以下W630×H1305,ﾃﾝﾊﾟﾗｲﾄ(透明ﾌﾛｰﾄ)６㍉,ﾃﾝﾊﾟﾗｲﾄ(透明ﾌﾛｰﾄ)６㍉,1
強化透明ﾌﾛｰﾄ板ｶﾞﾗｽt=123313×2400,ﾃﾝﾊﾟﾗｲﾄ(透明ﾌﾛｰﾄ)１２㍉,ﾃﾝﾊﾟﾗｲﾄ(透明ﾌﾛｰﾄ)１２㍉,1
引違受付窓強化ｶﾞﾗｽ厚さ6㎜W1400×H1000,ﾃﾝﾊﾟﾗｲﾄ(透明ﾌﾛｰﾄ)６㍉(ｶﾞﾗｽのみ),ﾃﾝﾊﾟﾗｲﾄ(透明ﾌﾛｰﾄ)６㍉(ｶﾞﾗｽのみ),1
合わせｶﾞﾗｽﾌﾛ-ﾄt3+ﾌﾛ-ﾄt3W150×H1600,ﾗﾐｾｰﾌｾｷｭﾘﾃｨｰ(30mil)FL3+FL3,ﾗﾐｾｰﾌｾｷｭﾘﾃｨｰ(30mil)FL3+FL3,1
複層ｶﾞﾗｽPSG6+A6+FG62.00㎡以下,ﾍﾟｱｶﾞﾗｽ型6+A6+FL6,ﾍﾟｱｶﾞﾗｽ型6+A6+FL6,1
化粧鏡t=6枠:ｽﾃﾝﾚｽHLFB-3×25,サンミラー６㍉･･･壁面／洗面,サンミラー６㍉･･･壁面／洗面,1
網入透明板ｶﾞﾗｽt=106.81㎡以下,網入磨ガラス１０㍉,網入磨ガラス１０㍉,1
LEaAW-e2複層ｶﾞﾗｽLowe8+A12+FL8異形695×3500(2.2m2),異形ｻﾝﾊﾞﾗﾝｽLow-E8+A12+FL8,異形ｻﾝﾊﾞﾗﾝｽLow-E8+A12+FL8,1
強化透明ﾌﾛｰﾄ板ｶﾞﾗｽt=122.0㎡以下,ﾃﾝﾊﾟﾗｲﾄ(透明ﾌﾛｰﾄ)１２㍉,ﾃﾝﾊﾟﾗｲﾄ(透明ﾌﾛｰﾄ)１２㍉,1
郵便受覗き窓:FL-5W250×H100,透明フロート５㍉（ｶﾞﾗｽのみ）,透明フロート５㍉（ｶﾞﾗｽのみ）,1
網入みがき板ｶﾞﾗｽ厚さ10W1565×H1027.2,異形網入磨ガラス(ﾋｼ)１０㍉,異形網入磨ガラス(ﾋｼ)１０㍉,1
複層ｶﾞﾗｽLowE6+A12+FL62.00m2以下,ｻﾝﾊﾞﾗﾝｽLow-E6+A12+FL6,ｻﾝﾊﾞﾗﾝｽLow-E6+A12+FL6,1
(LSD-3)霞ｶﾞﾗｽt6200×875,型板ガラス６㍉,型板ガラス６㍉,1
ﾌﾛｰﾄｶﾞﾗｽ厚5150×1500ﾀﾍﾟｽﾄﾘｰ加工,透明フロート５㍉※,透明フロート５㍉※,1
複層ｶﾞﾗｽFL8+A12+FL8特寸4.0㎡以下,ﾍﾟｱｶﾞﾗｽFL8+A12+FL8,ﾍﾟｱｶﾞﾗｽFL8+A12+FL8,1
フロート板ガラスt6W40×H2100,透明フロート６㍉,透明フロート６㍉,1
掲示板表:FLｶﾞﾗｽt5,透明フロート５㍉,透明フロート５㍉,1
合わせｶﾞﾗｽﾌﾛ-ﾄt3+ﾌﾛ-ﾄt3W300×H1500,ﾗﾐｾｰﾌｾｷｭﾘﾃｨｰ(30mil)FL3+FL3,ﾗﾐｾｰﾌｾｷｭﾘﾃｨｰ(30mil)FL3+FL3,1
ﾌﾛｰﾄ板ｶﾞﾗｽ厚62.18㎡以下,透明フロート６㍉,透明フロート６㍉,1
複層ガラスt30W1410×H3548FL8+A12+Low-E10,ｻﾝﾊﾞﾗﾝｽLow-E10+A12+FL8(L),ｻﾝﾊﾞﾗﾝｽLow-E10+A12+FL8(L),1
型板ｶﾞﾗｽ厚4150×1500ﾀﾍﾟｽﾄﾘｰ加工,型板ガラス４㍉※,型板ガラス４㍉※,1
ﾌﾛｰﾄｶﾞﾗｽt5W1350×H1100,透明フロート５㍉,透明フロート５㍉,1
フロートガラスt124.45㎡以下,透明フロート１２㍉,透明フロート１２㍉,1
自動扉衝突防止柵強化ｶﾞﾗｽ厚8,ﾃﾝﾊﾟﾗｲﾄ(透明ﾌﾛｰﾄ)８㍉,ﾃﾝﾊﾟﾗｲﾄ(透明ﾌﾛｰﾄ)８㍉,1
網入型板ｶﾞﾗｽ厚6.82.18㎡以下,網入型板ガラス６．８㍉,網入型板ガラス６．８㍉,1
網入みがき板ｶﾞﾗｽ厚さ10W500×H790,異形網入磨ガラス(ﾋｼ)１０㍉,異形網入磨ガラス(ﾋｼ)１０㍉,1
透明ﾌﾛｰﾄ板ｶﾞﾗｽt=153556×2000,透明フロート１５㍉,透明フロート１５㍉,1
複層ｶﾞﾗｽFL10+A12+FL102.00m2以下,ﾍﾟｱｶﾞﾗｽFL10+A12+FL10,ﾍﾟｱｶﾞﾗｽFL10+A12+FL10,1
化粧鏡厚6W1800×H500ｺｰﾅｰR加工,異形サンミラー６㍉･･･壁面／洗面,異形サンミラー６㍉･･･壁面／洗面,1
複層ｶﾞﾗｽLowE6+A12+FL64.00m2以下,ｻﾝﾊﾞﾗﾝｽLow-E6+A12+FL6,ｻﾝﾊﾞﾗﾝｽLow-E6+A12+FL6,1
Low-E複層ガラス厚26.02.00㎡以下Low-E8+A6+,ｻﾝﾊﾞﾗﾝｽｾｷｭﾘﾃｨｰLow-E8+A6+FL6+FL6(防音30),ｻﾝﾊﾞﾗﾝｽｾｷｭﾘﾃｨｰLow-E8+A6+FL6+FL6(防音30),1
複層ｶﾞﾗｽ強化LE8+A12+TG8特寸2.00㎡以下,ｻﾝﾊﾞﾗﾝｽLow-E強化8+A12+強化8,ｻﾝﾊﾞﾗﾝｽLow-E強化8+A12+強化8,1
合わせｶﾞﾗｽFL8(4+4)平面2.0㎡以下,ﾗﾐｾｰﾌｾｷｭﾘﾃｨｰ(30mil)FL4+FL4,ﾗﾐｾｰﾌｾｷｭﾘﾃｨｰ(30mil)FL4+FL4,1
ﾌﾛｰﾄｶﾞﾗｽt122.18m2以下,透明フロート１２㍉,透明フロート１２㍉,1
ﾌﾛｰﾄｶﾞﾗｽt82.18m2以下,透明フロート８㍉,透明フロート８㍉,1
耐熱強化ｶﾞﾗｽt82.00m2以下,ﾏｲﾎﾞｰｶ(透明ﾌﾛｰﾄ)８㍉,ﾏｲﾎﾞｰｶ(透明ﾌﾛｰﾄ)８㍉,1
型板ｶﾞﾗｽ厚4100×200,型板ガラス４㍉,型板ガラス４㍉,1
型板ｶﾞﾗｽ厚4100×800ﾀﾍﾟｽﾄﾘｰ加工,型板ガラス４㍉※,型板ガラス４㍉※,1
LEaAW-e2複層ｶﾞﾗｽLowe8+A12+FL8異形900×3400(3.0m2),異形ｻﾝﾊﾞﾗﾝｽLow-E8+A12+FL8,異形ｻﾝﾊﾞﾗﾝｽLow-E8+A12+FL8,1
鏡t6W2543×H1700,サンミラー６㍉･･･壁面／洗面,サンミラー６㍉･･･壁面／洗面,1
複層ｶﾞﾗｽﾌﾛｰﾄt10+A12+ﾌﾛｰﾄt84.0m2以下,ﾍﾟｱｶﾞﾗｽFL8+A12+FL10,ﾍﾟｱｶﾞﾗｽFL8+A12+FL10,1
複層ｶﾞﾗｽLE8+A12+HS8特寸4.00㎡以下,ｻﾝﾊﾞﾗﾝｽLow-E8+A12+HS8,ｻﾝﾊﾞﾗﾝｽLow-E8+A12+HS8,1
Ｌｏｗ－Ｅ複層ガラスLow-E6+A12+TP82.00㎡以下,ｻﾝﾊﾞﾗﾝｽLow-E6+A12+強化8,ｻﾝﾊﾞﾗﾝｽLow-E6+A12+強化8,1
ﾌﾛｰﾄ板ｶﾞﾗｽ厚さ6.0mm特寸2.18㎡以下,透明フロート６㍉,透明フロート６㍉,1
Low-E複層ガラス厚28.02.00㎡以下Low-E6+A12+,ｻﾝﾊﾞﾗﾝｽｾｷｭﾘﾃｨｰLow-E6+A12+FL5+FL5(防音30),ｻﾝﾊﾞﾗﾝｽｾｷｭﾘﾃｨｰLow-E6+A12+FL5+FL5(防音30),1
複層ｶﾞﾗｽ合(ﾌﾛｰﾄt6+耐熱強化t8)+A10+LowEt12,ｻﾝﾊﾞﾗﾝｽｾｷｭﾘﾃｨｰLow-E12+A10+FL6+FR8(60),ｻﾝﾊﾞﾗﾝｽｾｷｭﾘﾃｨｰLow-E12+A10+FL6+FR8(60),1
化粧鏡360×1700×厚5,サンミラー５㍉･･･壁面／洗面,サンミラー５㍉･･･壁面／洗面,1
複層ｶﾞﾗｽLE8+A12+FL8特寸6.00㎡以下,ｻﾝﾊﾞﾗﾝｽLow-E8+A12+FL8,ｻﾝﾊﾞﾗﾝｽLow-E8+A12+FL8,1
LEaAW-e2複層ｶﾞﾗｽLowe8+A12+FL8異形900×4200(3.6m2),異形ｻﾝﾊﾞﾗﾝｽLow-E8+A12+FL8(L),異形ｻﾝﾊﾞﾗﾝｽLow-E8+A12+FL8,0
自動扉衝突防止柵強化ｶﾞﾗｽ厚8,ﾃﾝﾊﾟﾗｲﾄ(透明ﾌﾛｰﾄ)８㍉,ﾃﾝﾊﾟﾗｲﾄ(透明ﾌﾛｰﾄ)８㍉,1
複層ｶﾞﾗｽLE6+A12+FL5特寸2.00㎡以下,ｻﾝﾊﾞﾗﾝｽLow-E6+A12+FL5,ｻﾝﾊﾞﾗﾝｽLow-E6+A12+FL5,1
複層ｶﾞﾗｽPWG6.8+A6+FG62.00㎡以下,ﾍﾟｱｶﾞﾗｽPW6.8+A6+型6,ﾍﾟｱｶﾞﾗｽPW6.8+A6+型6,1
強化ガラスt104.0㎡以下,ﾃﾝﾊﾟﾗｲﾄ(透明ﾌﾛｰﾄ)１０㍉,ﾃﾝﾊﾟﾗｲﾄ(透明ﾌﾛｰﾄ)１０㍉,1
フロート板ガラス厚6.02.18㎡以下,透明フロート６㍉,透明フロート６㍉,1
ﾌﾛｰﾄｶﾞﾗｽt8,透明フロート８㍉,透明フロート８㍉,1
強化ｶﾞﾗｽt10W1055×H3000,ﾃﾝﾊﾟﾗｲﾄ(透明ﾌﾛｰﾄ)１０㍉,ﾃﾝﾊﾟﾗｲﾄ(透明ﾌﾛｰﾄ)１０㍉,1
フロートガラスt=124.45㎡以下,透明フロート１２㍉,透明フロート１２㍉,1
強化合わせガラスTG10+TG6500φ,異形ﾗﾐｾｰﾌｾｷｭﾘﾃｨｰ(60mil)強化6+強化10,異形ﾗﾐｾｰﾌｾｷｭﾘﾃｨｰ(60mil)強化6+強化10,1
複層ガラスt162.0㎡以下FL5+A6+FL5,ﾍﾟｱｶﾞﾗｽFL5+A6+FL5,ﾍﾟｱｶﾞﾗｽFL5+A6+FL5,1
複層ｶﾞﾗｽLowE5+A12+FL5特寸6.0㎡以下,ｻﾝﾊﾞﾗﾝｽLow-E5+A12+FL5,ｻﾝﾊﾞﾗﾝｽLow-E5+A12+FL5,1
強化ｶﾞﾗｽ厚さ6㎜平面2.0㎡以下,ﾃﾝﾊﾟﾗｲﾄ(透明ﾌﾛｰﾄ)６㍉,ﾃﾝﾊﾟﾗｲﾄ(透明ﾌﾛｰﾄ)６㍉,1
鏡t6W2066×H1700,サンミラー６㍉･･･壁面／洗面,サンミラー６㍉･･･壁面／洗面,1
フロート板ガラス厚8.02.18㎡以下,透明フロート８㍉,透明フロート８㍉,1
化粧鏡W300×H1150厚5.0防錆鏡,ｻﾝﾐﾗｰﾃﾞﾗｯｸｽ５㍉･･･壁面／洗面,ｻﾝﾐﾗｰﾃﾞﾗｯｸｽ５㍉･･･壁面／洗面,1
複層ｶﾞﾗｽFL6+A12+FL6特寸2.0㎡以下,ﾍﾟｱｶﾞﾗｽFL6+A12+FL6,ﾍﾟｱｶﾞﾗｽFL6+A12+FL6,1
ﾌﾛｰﾄｶﾞﾗｽt84.45m2以下,透明フロート８㍉,透明フロート８㍉,1
複層ｶﾞﾗｽFL8+A12+FL8特寸8.0㎡以下,ﾍﾟｱｶﾞﾗｽFL8+A12+FL8,ﾍﾟｱｶﾞﾗｽFL8+A12+FL8,1
複層ガラスt32W1200×H3730FL10+A12+Low-E10,ｻﾝﾊﾞﾗﾝｽLow-E10+A12+FL10(L),ｻﾝﾊﾞﾗﾝｽLow-E10+A12+FL10(L),1
強化ガラス戸t10W850×H2000,ﾃﾝﾊﾟﾗｲﾄ(透明ﾌﾛｰﾄ)１０㍉,ﾃﾝﾊﾟﾗｲﾄ(透明ﾌﾛｰﾄ)１０㍉,1
複層ｶﾞﾗｽTG8+A8+TG8特寸4.0㎡以下,ﾍﾟｱｶﾞﾗｽ強化8+A8+強化8,ﾍﾟｱｶﾞﾗｽ強化8+A8+強化8,1
網入みがき板ｶﾞﾗｽ厚さ10W1408×H1027.2,異形網入磨ガラス(ﾋｼ)１０㍉,異形網入磨ガラス(ﾋｼ)１０㍉,1
フロートガラスt156.81㎡以下,透明フロート１５㍉,透明フロート１５㍉,1
ﾌﾛｰﾄｶﾞﾗｽt5W1150×H900,透明フロート５㍉,透明フロート５㍉,1
ﾌﾛｰﾄｶﾞﾗｽ厚5100×1800ﾀﾍﾟｽﾄﾘｰ加工,透明フロート５㍉※,透明フロート５㍉※,1
複層ｶﾞﾗｽFL6+A12+FL54.00m2以下,ﾍﾟｱｶﾞﾗｽFL5+A12+FL6,ﾍﾟｱｶﾞﾗｽFL5+A12+FL6,1
化粧鏡W400×H800厚5.0防錆鏡,ｻﾝﾐﾗｰﾃﾞﾗｯｸｽ５㍉･･･壁面／洗面,ｻﾝﾐﾗｰﾃﾞﾗｯｸｽ５㍉･･･壁面／洗面,1
姿見鏡厚6W400×H2340,サンミラー６㍉･･･壁面／洗面,サンミラー６㍉･･･壁面／洗面,1
耐熱ｶﾞﾗｽt6.54.00m2以下,ﾏｲﾎﾞｰｶ(透明ﾌﾛｰﾄ)６.５㍉,ﾏｲﾎﾞｰｶ(透明ﾌﾛｰﾄ)６.５㍉,1
すり板ガラスt=5.0W100×H100,すり板ガラス５㍉,すり板ガラス５㍉,1
強化合わせガラスTG10+TG6500φ,異形ﾗﾐｾｰﾌｾｷｭﾘﾃｨｰ(60mil)強化6+強化10,異形ﾗﾐｾｰﾌｾｷｭﾘﾃｨｰ(60mil)強化6+強化10,1
複層ｶﾞﾗｽLE6+A12+FL5特寸4.00㎡以下,ｻﾝﾊﾞﾗﾝｽLow-E6+A12+FL5,ｻﾝﾊﾞﾗﾝｽLow-E6+A12+FL5,1
複層ｶﾞﾗｽLowE6+A12+FL82.00m2以下,ｻﾝﾊﾞﾗﾝｽLow-E6+A12+FL8,ｻﾝﾊﾞﾗﾝｽLow-E6+A12+FL8,1
耐熱ガラスt8W1520×H1500,ﾏｲﾎﾞｰｶ(透明ﾌﾛｰﾄ)８㍉,ﾏｲﾎﾞｰｶ(透明ﾌﾛｰﾄ)８㍉,1
透明ﾌﾛｰﾄ板ｶﾞﾗｽt=153004×2800,透明フロート１５㍉,透明フロート１５㍉,1
複層ｶﾞﾗｽﾌﾛｰﾄt10+A12+ﾌﾛｰﾄt82.0m2以下,ﾍﾟｱｶﾞﾗｽFL8+A12+FL10,ﾍﾟｱｶﾞﾗｽFL8+A12+FL10,1
鏡t6W2300×H1500,サンミラー６㍉･･･壁面／洗面,サンミラー６㍉･･･壁面／洗面,1
化粧鏡W400×H600厚5.0防錆鏡,ｻﾝﾐﾗｰﾃﾞﾗｯｸｽ５㍉･･･壁面／洗面,ｻﾝﾐﾗｰﾃﾞﾗｯｸｽ５㍉･･･壁面／洗面,1
化粧鏡t5.0W3000×H1000,ｻﾝﾐﾗｰ５㍉壁面／洗面分割前提,ｻﾝﾐﾗｰ５㍉壁面／洗面分割前提,1
複層ガラスPWt6.8+A+FL102.0㎡,ﾍﾟｱｶﾞﾗｽPW6.8+A12+FL10,ﾍﾟｱｶﾞﾗｽPW6.8+A12+FL10,1
透明ﾌﾛｰﾄ板ｶﾞﾗｽt=196.81㎡以下,透明フロート１９㍉,透明フロート１９㍉,1
強化ガラスt124.0㎡以下,ﾃﾝﾊﾟﾗｲﾄ(透明ﾌﾛｰﾄ)１２㍉,ﾃﾝﾊﾟﾗｲﾄ(透明ﾌﾛｰﾄ)１２㍉,1
Ｌｏｗ－Ｅ複層ガラスLow-ETP8+A12+TP82.00㎡以下,ｻﾝﾊﾞﾗﾝｽLow-E強化8+A12+強化8,ｻﾝﾊﾞﾗﾝｽLow-E強化8+A12+強化8,1
強化ガラスt=12.02.00㎡以下防護柵用,ﾃﾝﾊﾟﾗｲﾄ(透明ﾌﾛｰﾄ)１２㍉,ﾃﾝﾊﾟﾗｲﾄ(透明ﾌﾛｰﾄ)１２㍉,1
複層ｶﾞﾗｽ合(ﾌﾛｰﾄt6+耐熱強化t8)+A10+LowEt12,ｻﾝﾊﾞﾗﾝｽｾｷｭﾘﾃｨｰLow-E12+A10+FL6+FR8(60),ｻﾝﾊﾞﾗﾝｽｾｷｭﾘﾃｨｰLow-E12+A10+FL6+FR8(60),1
強化透明ﾌﾛｰﾄ板ｶﾞﾗｽt=124.0㎡以下,ﾃﾝﾊﾟﾗｲﾄ(透明ﾌﾛｰﾄ)１２㍉,ﾃﾝﾊﾟﾗｲﾄ(透明ﾌﾛｰﾄ)１２㍉,1
ﾌﾞﾗｲﾝﾄﾞ内蔵ｶﾞﾗｽﾌﾛｰﾄ6+ﾌﾞﾗｲﾝﾄﾞ+ﾌﾛｰﾄ5900×1100,〈ﾌﾞﾗｲﾝﾄﾞ内蔵ｶﾞﾗｽFL6+ﾌﾞﾗｲﾝﾄﾞ+FL5〉,〈ﾌﾞﾗｲﾝﾄﾞ内蔵ｶﾞﾗｽFL6+ﾌﾞﾗｲﾝﾄﾞ+FL5〉,1
強化ｶﾞﾗｽ厚52.00m2以下,ﾃﾝﾊﾟﾗｲﾄ(透明ﾌﾛｰﾄ)５㍉,ﾃﾝﾊﾟﾗｲﾄ(透明ﾌﾛｰﾄ)５㍉,1
引違ｶﾞﾗｽ戸ﾌﾛｰﾄ厚5800×600,透明フロート５㍉,透明フロート５㍉,1
ﾌﾛｰﾄｶﾞﾗｽt5W1350×H1100,透明フロート５㍉,透明フロート５㍉,1
強化ｶﾞﾗｽ厚さ12.0mm平面4.00㎡以下,ﾃﾝﾊﾟﾗｲﾄ(透明ﾌﾛｰﾄ)１２㍉,ﾃﾝﾊﾟﾗｲﾄ(透明ﾌﾛｰﾄ)１２㍉,1
強化透明ﾌﾛｰﾄ板ｶﾞﾗｽt=124.0㎡以下,ﾃﾝﾊﾟﾗｲﾄ(透明ﾌﾛｰﾄ)１２㍉,ﾃﾝﾊﾟﾗｲﾄ(透明ﾌﾛｰﾄ)１２㍉,1
透明ﾌﾛｰﾄ板ｶﾞﾗｽt=154.45㎡以下,透明フロート１５㍉,透明フロート１５㍉,1
強化ガラス戸t10W850×H2075,ﾃﾝﾊﾟﾗｲﾄ(透明ﾌﾛｰﾄ)１０㍉,ﾃﾝﾊﾟﾗｲﾄ(透明ﾌﾛｰﾄ)１０㍉,1
複層ｶﾞﾗｽLowE6+A6+FL62.00m2以下,ｻﾝﾊﾞﾗﾝｽLow-E6+A6+FL6,ｻﾝﾊﾞﾗﾝｽLow-E6+A6+FL6,1
LEa複層ｶﾞﾗｽLowe8+A12+FL82.00m2以下,ｻﾝﾊﾞﾗﾝｽLow-E8+A12+FL8,ｻﾝﾊﾞﾗﾝｽLow-E8+A12+FL8,1
フロート板ガラス厚6.0W100×H950,透明フロート６㍉,透明フロート６㍉,1
強化合わせｶﾞﾗｽ厚10.0+8.0H=1000,ﾗﾐｾｰﾌｾｷｭﾘﾃｨｰ(60mil)強化8+強化10H1000,ﾗﾐｾｰﾌｾｷｭﾘﾃｨｰ(60mil)強化8+強化10H1050,0
合わせｶﾞﾗｽPSG5+PSG52.00㎡以下,ﾗﾐｾｰﾌｾｷｭﾘﾃｨｰ(30mil)FL5+FL5,ﾗﾐｾｰﾌｾｷｭﾘﾃｨｰ(30mil)FL5+FL5,1
耐熱ガラスt8W1520×H1500,ﾏｲﾎﾞｰｶ(透明ﾌﾛｰﾄ)８㍉,ﾏｲﾎﾞｰｶ(透明ﾌﾛｰﾄ)８㍉,1
ガラス手摺H1200平部強化ｶﾞﾗｽt15,ﾃﾝﾊﾟﾗｲﾄ(透明ﾌﾛｰﾄ)１５㍉H1200平部,ﾃﾝﾊﾟﾗｲﾄ(透明ﾌﾛｰﾄ)１５㍉H1200平部,1
複層ｶﾞﾗｽLE8+A12+FL8特寸2.00㎡以下,ｻﾝﾊﾞﾗﾝｽLow-E8+A12+FL8,ｻﾝﾊﾞﾗﾝｽLow-E8+A12+FL8,1
鏡防湿鏡厚5,ｻﾝﾐﾗｰﾃﾞﾗｯｸｽ５㍉･･･壁面／洗面,ｻﾝﾐﾗｰﾃﾞﾗｯｸｽ５㍉･･･壁面／洗面,1
複層ｶﾞﾗｽﾌﾛｰﾄt10+A12+ﾌﾛｰﾄt62.0m2以下,ﾍﾟｱｶﾞﾗｽFL6+A12+FL10,ﾍﾟｱｶﾞﾗｽFL6+A12+FL10,1
複層ｶﾞﾗｽFL6+A12+FL66.00m2以下,ﾍﾟｱｶﾞﾗｽFL6+A12+FL6,ﾍﾟｱｶﾞﾗｽFL6+A12+FL6,1
複層ｶﾞﾗｽLowE8+A12+T8W1884×H3450,ｻﾝﾊﾞﾗﾝｽLow-E8+A12+強化8,ｻﾝﾊﾞﾗﾝｽLow-E8+A12+強化8,1
ﾌﾛｰﾄｶﾞﾗｽt5W900×H900,透明フロート５㍉,透明フロート５㍉,1
ﾌﾛｰﾄｶﾞﾗｽt8W100×H1800,透明フロート８㍉,透明フロート８㍉,1
LEaAW-e2複層ｶﾞﾗｽLowe8+A12+FL8異形695×3500(2.2m2),異形ｻﾝﾊﾞﾗﾝｽLow-E8+A12+FL8,異形ｻﾝﾊﾞﾗﾝｽLow-E8+A12+FL8,1
複層ｶﾞﾗｽLowE6+A6+FL64.00m2以下,ｻﾝﾊﾞﾗﾝｽLow-E6+A6+FL6,ｻﾝﾊﾞﾗﾝｽLow-E6+A6+FL6,1
Ｌｏｗ－Ｅ合わせ複層ガラスLow-E8+A6+(FL5+FL5),ｻﾝﾊﾞﾗﾝｽｾｷｭﾘﾃｨｰLow-E8+A6+FL5+FL5(30ﾐﾙ),ｻﾝﾊﾞﾗﾝｽｾｷｭﾘﾃｨｰLow-E8+A6+FL6+HS6(SG60)※,0
合わせｶﾞﾗｽFL16(8+8)平面6.0㎡以下,ﾗﾐｾｰﾌｾｷｭﾘﾃｨｰ(30mil)FL8+FL8,ﾗﾐｾｰﾌｾｷｭﾘﾃｨｰ(30mil)FL8+FL8,1
網入透明板ｶﾞﾗｽt=104.45㎡以下,網入磨ガラス１０㍉,網入磨ガラス１０㍉,1
鏡t6W2500×H1500,サンミラー６㍉･･･壁面／洗面,サンミラー６㍉･･･壁面／洗面,1
ﾌﾛｽﾄｶﾞﾗｽ厚さ4.0mm120×1800(SD-207他),型板ガラス４㍉,型板ガラス４㍉,1
ﾌﾛｰﾄ板ｶﾞﾗｽ厚さ6.0mm1800×295(SD-303他),透明フロート６㍉,透明フロート６㍉,1
強化ｶﾞﾗｽ厚さ8W800×H922,ﾃﾝﾊﾟﾗｲﾄ(透明ﾌﾛｰﾄ)８㍉,ﾃﾝﾊﾟﾗｲﾄ(透明ﾌﾛｰﾄ)８㍉,1
透明ﾌﾛｰﾄ板ｶﾞﾗｽt=194350×2800,透明フロート１９㍉,透明フロート１９㍉,1
ﾌﾛｰﾄ板ｶﾞﾗｽ厚62.18㎡以下,透明フロート６㍉,透明フロート６㍉,1
複層ｶﾞﾗｽFL10+A12+FL10特寸8.0㎡以下,ﾍﾟｱｶﾞﾗｽFL10+A12+FL10,ﾍﾟｱｶﾞﾗｽFL10+A12+FL10,1
複層ｶﾞﾗｽPWG6.8+A6+FG62.00㎡以下,ﾍﾟｱｶﾞﾗｽPW6.8+A6+型6,ﾍﾟｱｶﾞﾗｽPW6.8+A6+型6,1
ﾌﾛｰﾄ板ｶﾞﾗｽ厚3100×200,透明フロート３㍉,透明フロート３㍉,1
ガラス手摺H1200斜部強化ｶﾞﾗｽt15,ﾃﾝﾊﾟﾗｲﾄ(透明ﾌﾛｰﾄ)１５㍉H1200斜部,ﾃﾝﾊﾟﾗｲﾄ(透明ﾌﾛｰﾄ)１５㍉H1200斜部,1
フロートガラスt=124.45㎡以下,透明フロート１２㍉,透明フロート１２㍉,1
耐熱強化ｶﾞﾗｽ厚さ8.0mm平面2.00㎡以下,ﾏｲﾎﾞｰｶ(透明ﾌﾛｰﾄ)８㍉,ﾏｲﾎﾞｰｶ(透明ﾌﾛｰﾄ)８㍉,1
複層ｶﾞﾗｽ網入磨t10+A12+ﾌﾛｰﾄt82.0m2以下,ﾍﾟｱｶﾞﾗｽPW10+A12+FL8,ﾍﾟｱｶﾞﾗｽPW10+A12+FL8,1
耐熱ガラスt6.5W1500×H500,ﾏｲﾎﾞｰｶ(透明ﾌﾛｰﾄ)６.５㍉,ﾏｲﾎﾞｰｶ(透明ﾌﾛｰﾄ)６.５㍉,1
耐熱強化ガラス厚6.5100×2000,ﾏｲﾎﾞｰｶ(透明ﾌﾛｰﾄ)６.５㍉,ﾏｲﾎﾞｰｶ(透明ﾌﾛｰﾄ)６.５㍉,1
化粧鏡W450×H900厚5.0防錆鏡,ｻﾝﾐﾗｰﾃﾞﾗｯｸｽ５㍉･･･壁面／洗面,ｻﾝﾐﾗｰﾃﾞﾗｯｸｽ５㍉･･･壁面／洗面,1
網入透明板ｶﾞﾗｽt=6.82.18㎡以下,網入磨ガラス６．８㍉,網入磨ガラス６．８㍉,1
強化ｶﾞﾗｽ厚さ12.0mm平面2.00㎡以下,ﾃﾝﾊﾟﾗｲﾄ(透明ﾌﾛｰﾄ)１２㍉,ﾃﾝﾊﾟﾗｲﾄ(透明ﾌﾛｰﾄ)１２㍉,1
化粧鏡厚6W850×H2400,サンミラー６㍉･･･壁面／洗面,サンミラー６㍉･･･壁面／洗面,1
複層ｶﾞﾗｽFL8+A12+FL84.00m2以下,ﾍﾟｱｶﾞﾗｽFL8+A12+FL8,ﾍﾟｱｶﾞﾗｽFL8+A12+FL8,1
複層ｶﾞﾗｽLowE5+A12+FL5特寸4.0㎡以下,ｻﾝﾊﾞﾗﾝｽLow-E5+A12+FL5,ｻﾝﾊﾞﾗﾝｽLow-E5+A12+FL5,1
複層ｶﾞﾗｽﾌﾛｰﾄt6+A12+ﾌﾛｰﾄt54.0m2以下,ﾍﾟｱｶﾞﾗｽFL5+A12+FL6,ﾍﾟｱｶﾞﾗｽFL5+A12+FL6,1
複層ガラスt266.0㎡以下FL6+A12+Low-E8,ｻﾝﾊﾞﾗﾝｽLow-E8+A12+FL6,ｻﾝﾊﾞﾗﾝｽLow-E8+A12+FL6,1
LEaAW-e2複層ｶﾞﾗｽLowe8+A12+FL8異形900×2100(1.7m2),異形ｻﾝﾊﾞﾗﾝｽLow-E8+A12+FL8,異形ｻﾝﾊﾞﾗﾝｽLow-E8+A12+FL8,1
強化ｶﾞﾗｽ厚さ8㎜平面2.0㎡以下,ﾃﾝﾊﾟﾗｲﾄ(透明ﾌﾛｰﾄ)８㍉,ﾃﾝﾊﾟﾗｲﾄ(透明ﾌﾛｰﾄ)８㍉,1
鏡t6W2790×H1700,サンミラー６㍉･･･壁面／洗面,サンミラー６㍉･･･壁面／洗面,1
複層ｶﾞﾗｽLE6+A12+FL5特寸2.00㎡以下,ｻﾝﾊﾞﾗﾝｽLow-E6+A12+FL5,ｻﾝﾊﾞﾗﾝｽLow-E6+A12+FL5,1
複層ｶﾞﾗｽﾌﾛｰﾄt10+A10+LowEt10,ｻﾝﾊﾞﾗﾝｽLow-E10+A10+FL10,ｻﾝﾊﾞﾗﾝｽLow-E10+A10+FL10,1
網入みがき板ｶﾞﾗｽ厚さ6.8120×1800ひし(HSD-101他),網入磨ガラス６．８㍉,網入磨ガラス６．８㍉,1
ﾌﾛｰﾄ板ｶﾞﾗｽ厚さ8.0mm特寸2.18㎡以下,透明フロート８㍉,透明フロート８㍉,1
防犯合わせｶﾞﾗｽFL10+FL104.00m2以下,ﾗﾐｾｰﾌｾｷｭﾘﾃｨｰ(30mil)FL10+FL10,ﾗﾐｾｰﾌｾｷｭﾘﾃｨｰ(30mil)FL10+FL10,1
フロート板ガラス厚8.02.18㎡以下,透明フロート８㍉,透明フロート８㍉,1
ﾌﾛｰﾄ板ｶﾞﾗｽ厚さ10.0mm特寸2.18㎡以下,透明フロート１０㍉,透明フロート１０㍉,1
フロート板ガラス乳白色t6W40×H2100,透明フロート６㍉,透明フロート６㍉,1
倍強度ガラスt=6.02.00㎡以下ｾﾗﾐｯｸﾌﾟﾘﾝﾄ,セラプリライト６㍉＜指定柄＞,セラプリライト６㍉＜指定柄＞,1
LEaAW-e2複層ｶﾞﾗｽLowe8+A12+FL8異形900×5100(4.4m2),異形ｻﾝﾊﾞﾗﾝｽLow-E8+A12+FL8(L),異形ｻﾝﾊﾞﾗﾝｽLow-E8+A12+FL8,0
化粧鏡L1800×H1000,サンミラー５㍉･･･壁面／洗面,サンミラー５㍉･･･壁面／洗面,1
透明ﾌﾛｰﾄ板ｶﾞﾗｽt=153463×2800,透明フロート１５㍉,透明フロート１５㍉,1
複層ガラスt30W1500×H3179.7FL8+A12+Low-E10,ｻﾝﾊﾞﾗﾝｽLow-E10+A12+FL8,ｻﾝﾊﾞﾗﾝｽLow-E10+A12+FL8,1
複層ｶﾞﾗｽﾌﾛｰﾄt6+A10+LowEt5,ｻﾝﾊﾞﾗﾝｽLow-E5+A10+FL6,ｻﾝﾊﾞﾗﾝｽLow-E5+A10+FL6,1
ﾌﾛｰﾄ板ｶﾞﾗｽ厚62.18㎡以下,透明フロート６㍉,透明フロート６㍉,1
複層ｶﾞﾗｽTG8+A8+TG8特寸4.0㎡以下,ﾍﾟｱｶﾞﾗｽ強化8+A8+強化8,ﾍﾟｱｶﾞﾗｽ強化8+A8+強化8,1
化粧鏡t5.0W3000×H1000,ｻﾝﾐﾗｰ５㍉壁面／洗面分割前提,ｻﾝﾐﾗｰ５㍉壁面／洗面分割前提,1
複層ｶﾞﾗｽLowE10+A12+FL124.00m2以下,ｻﾝﾊﾞﾗﾝｽLow-E10+A12+FL12,ｻﾝﾊﾞﾗﾝｽLow-E10+A12+FL12,1
複層ｶﾞﾗｽFL8+A12+FL8特寸6.0㎡以下,ﾍﾟｱｶﾞﾗｽFL8+A12+FL8,ﾍﾟｱｶﾞﾗｽFL8+A12+FL8,1
Ｌｏｗ－Ｅ合わせ複層ガラスLow-E8+A6+(FL6+CP･HS6),ｻﾝﾊﾞﾗﾝｽｾｷｭﾘﾃｨｰLow-E8+A6+FL6+HS6(SG60)※,ｻﾝﾊﾞﾗﾝｽｾｷｭﾘﾃｨｰLow-E8+A6+FL6+HS6(SG60)※,1
複層ｶﾞﾗｽ強化LE8+A12+TG8特寸4.00㎡以下,ｻﾝﾊﾞﾗﾝｽLow-E強化8+A12+強化8,ｻﾝﾊﾞﾗﾝｽLow-E強化8+A12+強化8,1
複層ｶﾞﾗｽﾌﾛ-ﾄt6+A6+ﾌﾛ-ﾄt62.0m2以下,ﾍﾟｱｶﾞﾗｽFL6+A6+FL6,ﾍﾟｱｶﾞﾗｽFL6+A6+FL6,1
ﾌﾛｰﾄ板ｶﾞﾗｽ厚32.18㎡以下,透明フロート３㍉,透明フロート３㍉,1
複層ｶﾞﾗｽ強化LE8+A12+TG8特寸2.00㎡以下,ｻﾝﾊﾞﾗﾝｽLow-E強化8+A12+強化8,ｻﾝﾊﾞﾗﾝｽLow-E強化8+A12+強化8,1
ﾌﾛｰﾄ板ｶﾞﾗｽ厚さ6.0mm特寸2.18㎡以下,透明フロート６㍉,透明フロート６㍉,1
引違ｶﾞﾗｽ戸ﾌﾛｰﾄ厚5800×600,透明フロート５㍉,透明フロート５㍉,1
合せガラス厚16.04.00㎡以下FL8+FL8,ﾗﾐｾｰﾌｾｷｭﾘﾃｨｰ(30mil)FL8+FL8,ﾗﾐｾｰﾌｾｷｭﾘﾃｨｰ(30mil)FL8+FL8,1
網入みがき板ｶﾞﾗｽ厚さ10W1094×H1027.2,異形網入磨ガラス(ﾋｼ)１０㍉,異形網入磨ガラス(ﾋｼ)１０㍉,1
網入みがき板ｶﾞﾗｽ厚さ10W1585×H745,異形網入磨ガラス(ﾋｼ)１０㍉,異形網入磨ガラス(ﾋｼ)１０㍉,1
複層ｶﾞﾗｽLowE5+A12+FL102.00m2以下,ｻﾝﾊﾞﾗﾝｽLow-E6+A12+FL10,ｻﾝﾊﾞﾗﾝｽLow-E6+A12+FL10,1
合わせｶﾞﾗｽ強化ｶﾞﾗｽ厚12+121500×900,ﾗﾐｾｰﾌｾｷｭﾘﾃｨｰ(60mil)強化12+強化12,ﾗﾐｾｰﾌｾｷｭﾘﾃｨｰ(60mil)強化12+強化12,1
網入みがき板ｶﾞﾗｽ厚さ10W1722×H1027.2,異形網入磨ガラス(ﾋｼ)１０㍉,異形網入磨ガラス(ﾋｼ)１０㍉,1
Ｌｏｗ－Ｅ複層ガラスLow-ETP8+A12+TP84.00㎡以下,ｻﾝﾊﾞﾗﾝｽLow-E強化8+A12+強化8,ｻﾝﾊﾞﾗﾝｽLow-E強化8+A12+強化8,1
強化合わせガラスTG10+TG12W660×H2215,ﾗﾐｾｰﾌｾｷｭﾘﾃｨｰ(60mil)強化10+強化12,ﾗﾐｾｰﾌｾｷｭﾘﾃｨｰ(60mil)強化10+強化12,1
複層ｶﾞﾗｽLE6+A12+FL5特寸4.00㎡以下,ｻﾝﾊﾞﾗﾝｽLow-E6+A12+FL5,ｻﾝﾊﾞﾗﾝｽLow-E6+A12+FL5,1
複層ｶﾞﾗｽFL6+A12+FL62.00m2以下,ﾍﾟｱｶﾞﾗｽFL6+A12+FL6,ﾍﾟｱｶﾞﾗｽFL6+A12+FL6,1
合わせｶﾞﾗｽﾌﾛ-ﾄt6+ﾌﾛ-ﾄt64.0m2以下,ﾗﾐｾｰﾌｾｷｭﾘﾃｨｰ(30mil)FL6+FL6,ﾗﾐｾｰﾌｾｷｭﾘﾃｨｰ(30mil)FL6+FL6,1
型板ｶﾞﾗｽ厚4150×1500ﾀﾍﾟｽﾄﾘｰ加工,型板ガラス４㍉※,型板ガラス４㍉※,1
耐熱ｶﾞﾗｽt6.52.00m2以下,ﾏｲﾎﾞｰｶ(透明ﾌﾛｰﾄ)６.５㍉,ﾏｲﾎﾞｰｶ(透明ﾌﾛｰﾄ)６.５㍉,1
網入みがき板ｶﾞﾗｽ厚さ10W1700×H1490,異形網入磨ガラス(ﾋｼ)１０㍉,異形網入磨ガラス(ﾋｼ)１０㍉,1
強化型板ｶﾞﾗｽW850×H2450厚8.0,フロスト熱処理ガラス８㍉,フロスト熱処理ガラス８㍉,1
複層ガラスt30W1410×H3548FL8+A12+Low-E10,ｻﾝﾊﾞﾗﾝｽLow-E10+A12+FL8(L),ｻﾝﾊﾞﾗﾝｽLow-E10+A12+FL8(L),1
透明ﾌﾛｰﾄ板ｶﾞﾗｽt=153400×2800,透明フロート１５㍉,透明フロート１５㍉,1
複層ｶﾞﾗｽ強化LE8+A12+TG8特寸4.00㎡以下,ｻﾝﾊﾞﾗﾝｽLow-E強化8+A12+強化8,ｻﾝﾊﾞﾗﾝｽLow-E強化8+A12+強化8,1
複層ｶﾞﾗｽLE8+A12+HS8特寸4.00㎡以下,ｻﾝﾊﾞﾗﾝｽLow-E8+A12+HS8,ｻﾝﾊﾞﾗﾝｽLow-E8+A12+HS8,1
ﾌﾛｰﾄｶﾞﾗｽt8W150×H1900,透明フロート８㍉,透明フロート８㍉,1
複層ガラスt30W1500×H4715FL8+A12+Low-E10,ｻﾝﾊﾞﾗﾝｽLow-E10+A12+FL8(L),ｻﾝﾊﾞﾗﾝｽLow-E10+A12+FL8(L),1
強化ｶﾞﾗｽ厚さ12.0mm平面4.00㎡以下,ﾃﾝﾊﾟﾗｲﾄ(透明ﾌﾛｰﾄ)１２㍉,ﾃﾝﾊﾟﾗｲﾄ(透明ﾌﾛｰﾄ)１２㍉,1
引違受付窓強化ｶﾞﾗｽ厚さ6㎜W1400×H1000,ﾃﾝﾊﾟﾗｲﾄ(透明ﾌﾛｰﾄ)６㍉(ｶﾞﾗｽのみ),ﾃﾝﾊﾟﾗｲﾄ(透明ﾌﾛｰﾄ)６㍉(ｶﾞﾗｽのみ),1
合わせｶﾞﾗｽﾌﾛ-ﾄt3+ﾌﾛ-ﾄt3W100×H950,ﾗﾐｾｰﾌｾｷｭﾘﾃｨｰ(30mil)FL3+FL3,ﾗﾐｾｰﾌｾｷｭﾘﾃｨｰ(30mil)FL3+FL3,1
複層ｶﾞﾗｽﾌﾛｰﾄt12+A10+ﾌﾛｰﾄt12,ﾍﾟｱｶﾞﾗｽFL12+A10+FL12,ﾍﾟｱｶﾞﾗｽFL12+A10+FL12,1
網入磨ｶﾞﾗｽt102.18m2以下,網入磨ガラス１０㍉,網入磨ガラス１０㍉,1
強化ｶﾞﾗｽ厚さ6㎜平面2.0㎡以下,ﾃﾝﾊﾟﾗｲﾄ(透明ﾌﾛｰﾄ)６㍉,ﾃﾝﾊﾟﾗｲﾄ(透明ﾌﾛｰﾄ)６㍉,1
複層ｶﾞﾗｽﾌﾛｰﾄt12+A10+ﾌﾛｰﾄt12,ﾍﾟｱｶﾞﾗｽFL12+A10+FL12,ﾍﾟｱｶﾞﾗｽFL12+A10+FL12,1
強化透明ﾌﾛｰﾄ板ｶﾞﾗｽt=123313×2400,ﾃﾝﾊﾟﾗｲﾄ(透明ﾌﾛｰﾄ)１２㍉,ﾃﾝﾊﾟﾗｲﾄ(透明ﾌﾛｰﾄ)１２㍉,1
LEaAW-e2複層ｶﾞﾗｽLowe8+A12+FL8異形900×3600(3.2m2),異形ｻﾝﾊﾞﾗﾝｽLow-E8+A12+FL8(L),異形ｻﾝﾊﾞﾗﾝｽLow-E8+A12+FL8,0
ﾌﾛｰﾄ板ｶﾞﾗｽ厚さ6.0mm900×295(SD-301),透明フロート６㍉,透明フロート６㍉,1
複層ｶﾞﾗｽTG8+A12+TG8特寸4.0㎡以下,ﾍﾟｱｶﾞﾗｽ強化8+A12+強化8,ﾍﾟｱｶﾞﾗｽ強化8+A12+強化8,1
ﾌﾛｰﾄｶﾞﾗｽt8W150×H1900,透明フロート８㍉,透明フロート８㍉,1
複層ｶﾞﾗｽFL5+A12+FL52.00m2以下,ﾍﾟｱｶﾞﾗｽFL5+A12+FL5,ﾍﾟｱｶﾞﾗｽFL5+A12+FL5,1
ﾌﾛｰﾄ板ｶﾞﾗｽ厚62.18㎡以下,透明フロート６㍉,透明フロート６㍉,1
フロート板ガラス厚8.04.45㎡以下,透明フロート８㍉,透明フロート８㍉,1
強化ガラスt=6.04.00㎡以下,ﾃﾝﾊﾟﾗｲﾄ(透明ﾌﾛｰﾄ)６㍉,ﾃﾝﾊﾟﾗｲﾄ(透明ﾌﾛｰﾄ)６㍉,1
強化ガラスt104.0㎡以下,ﾃﾝﾊﾟﾗｲﾄ(透明ﾌﾛｰﾄ)１０㍉,ﾃﾝﾊﾟﾗｲﾄ(透明ﾌﾛｰﾄ)１０㍉,1
強化合わせｶﾞﾗｽ厚6+厚64.00m2以下,ﾗﾐｾｰﾌｾｷｭﾘﾃｨｰ(60mil)強化6+強化6,ﾗﾐｾｰﾌｾｷｭﾘﾃｨｰ(60mil)強化6+強化6,1
LEa複層ｶﾞﾗｽLowe6+A12+HRT86.00m2以下,ｻﾝﾊﾞﾗﾝｽLow-E6+A12+耐熱強化8,ｻﾝﾊﾞﾗﾝｽLow-E6+A12+耐熱強化8,1
防護柵強化ガラスt=10W1580×H500,ﾃﾝﾊﾟﾗｲﾄ(透明ﾌﾛｰﾄ)１０㍉（ｶﾞﾗｽのみ）,ﾃﾝﾊﾟﾗｲﾄ(透明ﾌﾛｰﾄ)１０㍉（ｶﾞﾗｽのみ）,1
複層ｶﾞﾗｽﾌﾛｰﾄt10+A10+LowEt8,ｻﾝﾊﾞﾗﾝｽLow-E8+A10+FL10,ｻﾝﾊﾞﾗﾝｽLow-E8+A10+FL10,1
強化ｶﾞﾗｽ厚52.00m2以下,ﾃﾝﾊﾟﾗｲﾄ(透明ﾌﾛｰﾄ)５㍉,ﾃﾝﾊﾟﾗｲﾄ(透明ﾌﾛｰﾄ)５㍉,1
フロートガラスt5W40xH1700,透明フロート５㍉,透明フロート５㍉,1
耐熱強化ｶﾞﾗｽ厚さ6.5mm平面2.00㎡以下,ﾏｲﾎﾞｰｶ(透明ﾌﾛｰﾄ)６.５㍉,ﾏｲﾎﾞｰｶ(透明ﾌﾛｰﾄ)６.５㍉,1
ﾌﾛｰﾄ板ｶﾞﾗｽ厚さ12特寸6.81㎡以下,透明フロート１２㍉,透明フロート１２㍉,1
Ｌｏｗ－Ｅ合わせ複層ガラスLow-E8+A12+(FL6+CP･HS6)2.00㎡以下,ｻﾝﾊﾞﾗﾝｽｾｷｭﾘﾃｨｰLow-E8+A6+FL6+HS6(SG60)※,ｻﾝﾊﾞﾗﾝｽｾｷｭﾘﾃｨｰLow-E8+A6+FL6+HS6(SG60)※,1
耐熱強化ｶﾞﾗｽ厚82.00㎡以下,ﾏｲﾎﾞｰｶ(透明ﾌﾛｰﾄ)８㍉,ﾏｲﾎﾞｰｶ(透明ﾌﾛｰﾄ)８㍉,1
透明ﾌﾛｰﾄ板ｶﾞﾗｽt=156.81㎡以下,透明フロート１５㍉,透明フロート１５㍉,1
複層ｶﾞﾗｽLowE6+A12+FL6特寸4.0㎡以下,ｻﾝﾊﾞﾗﾝｽLow-E6+A12+FL6,ｻﾝﾊﾞﾗﾝｽLow-E6+A12+FL6,1
合わせｶﾞﾗｽﾌﾛ-ﾄt5+ﾌﾛ-ﾄt52.0m2以下,ﾗﾐｾｰﾌｾｷｭﾘﾃｨｰ(30mil)FL5+FL5,ﾗﾐｾｰﾌｾｷｭﾘﾃｨｰ(30mil)FL5+FL5,1
強化ｶﾞﾗｽ厚5150×1500ﾀﾍﾟｽﾄﾘｰ加工,フロスト熱処理ガラス５㍉※,フロスト熱処理ガラス５㍉※,1
複層ｶﾞﾗｽLowE6+A12+FL82.00m2以下,ｻﾝﾊﾞﾗﾝｽLow-E6+A12+FL8,ｻﾝﾊﾞﾗﾝｽLow-E6+A12+FL8,1
ﾌﾛｰﾄ板ｶﾞﾗｽ厚さ6W100×H1800,透明フロート６㍉,透明フロート６㍉,1
すり板ｶﾞﾗｽFS5特寸2.18㎡以下,すり板ガラス５㍉,すり板ガラス５㍉,1
複層ｶﾞﾗｽﾌﾛｰﾄt12+A12+ﾌﾛｰﾄt82.0m2以下,ﾍﾟｱｶﾞﾗｽFL8+A12+FL12,ﾍﾟｱｶﾞﾗｽFL8+A12+FL12,1
ﾌﾛｰﾄ板ｶﾞﾗｽ厚3100×200,透明フロート３㍉,透明フロート３㍉,1
ﾌﾛｰﾄｶﾞﾗｽt5W900×H900,透明フロート５㍉,透明フロート５㍉,1
鏡t6W2543×H1700,サンミラー６㍉･･･壁面／洗面,サンミラー６㍉･･･壁面／洗面,1
ｽﾃﾝﾄﾞｸﾞﾗｽｶﾊﾞｰ強化ｶﾞﾗｽ厚さ6㎜平面2.0㎡以下W630×H1075,ﾃﾝﾊﾟﾗｲﾄ(透明ﾌﾛｰﾄ)６㍉,ﾃﾝﾊﾟﾗｲﾄ(透明ﾌﾛｰﾄ)６㍉,1
ｶﾞﾗｽ手摺平部W750×H1200強化合わせｶﾞﾗｽt15+12,ﾗﾐｾｰﾌｾｷｭﾘﾃｨｰ(60mil)強化12+強化15,ﾗﾐｾｰﾌｾｷｭﾘﾃｨｰ(60mil)強化12+強化15,1
複層ｶﾞﾗｽLowE8+A12+FL8特寸2.0㎡以下,ｻﾝﾊﾞﾗﾝｽLow-E8+A12+FL8,ｻﾝﾊﾞﾗﾝｽLow-E8+A12+FL8,1
耐熱ガラスt5W1000×H2200,ﾏｲﾎﾞｰｶ(透明ﾌﾛｰﾄ)５㍉,ﾏｲﾎﾞｰｶ(透明ﾌﾛｰﾄ)５㍉,1
耐熱ガラスt5W1200×H2200,ﾏｲﾎﾞｰｶ(透明ﾌﾛｰﾄ)５㍉,ﾏｲﾎﾞｰｶ(透明ﾌﾛｰﾄ)５㍉,1
強化合わせガラスTG10+TG124.00㎡以下,ﾗﾐｾｰﾌｾｷｭﾘﾃｨｰ(60mil)強化10+強化12,ﾗﾐｾｰﾌｾｷｭﾘﾃｨｰ(60mil)強化10+強化12,1
ﾌﾛｰﾄ板ｶﾞﾗｽ厚さ6.0mm900×295(SD-301),透明フロート６㍉,透明フロート６㍉,1
Ｌｏｗ－Ｅ複層ガラスLow-E6+A6+TP84.00㎡以下,ｻﾝﾊﾞﾗﾝｽLow-E6+A6+強化8,ｻﾝﾊﾞﾗﾝｽLow-E6+A6+強化8,1
複層ｶﾞﾗｽLowE6+A12+FL6特寸2.0㎡以下,ｻﾝﾊﾞﾗﾝｽLow-E6+A12+FL6,ｻﾝﾊﾞﾗﾝｽLow-E6+A12+FL6,1
フロートガラスt104.45㎡以下,透明フロート１０㍉,透明フロート１０㍉,1
LEaAW-e2複層ｶﾞﾗｽLowe8+A12+FL8異形900×3200(2.8m2),異形ｻﾝﾊﾞﾗﾝｽLow-E8+A12+FL8,異形ｻﾝﾊﾞﾗﾝｽLow-E8+A12+FL8,1
ﾌﾛｽﾄｶﾞﾗｽ厚さ4.0mm120×800(LD-K03他),型板ガラス４㍉,型板ガラス４㍉,1
LEa複層ｶﾞﾗｽLowe6+A12+FL66.00m2以下,ｻﾝﾊﾞﾗﾝｽLow-E6+A12+FL6,ｻﾝﾊﾞﾗﾝｽLow-E6+A12+FL6,1
合わせｶﾞﾗｽ(ｶﾗｰ中間膜)ﾌﾛ-ﾄt4+ﾌﾛ-ﾄt40.8m2以下,カラーラミセーフFL4+FL4(30mil),カラーラミセーフFL4+FL4(30mil),1
ﾌﾛｽﾄｶﾞﾗｽ厚さ4.0mm120×1800,型板ガラス４㍉,型板ガラス４㍉,1
化粧鏡t5.0W2861.5×H1000,ｻﾝﾐﾗｰ５㍉壁面／洗面分割前提,ｻﾝﾐﾗｰ５㍉壁面／洗面分割前提,1
型板ｶﾞﾗｽ厚さ4W100×H100,型板ガラス４㍉,型板ガラス４㍉,1
網入透明板ｶﾞﾗｽt=106.81㎡以下,網入磨ガラス１０㍉,網入磨ガラス１０㍉,1
複層ｶﾞﾗｽLowE4+A12+FL42.00m2以下,ｻﾝﾊﾞﾗﾝｽLow-E4+A12+FL4,ｻﾝﾊﾞﾗﾝｽLow-E4+A12+FL4,1
ﾌﾛｰﾄｶﾞﾗｽt5W1200×H1050,透明フロート５㍉,透明フロート５㍉,1
複層ｶﾞﾗｽLowE8+A12+T82.00m2以下,ｻﾝﾊﾞﾗﾝｽLow-E8+A12+強化8,ｻﾝﾊﾞﾗﾝｽLow-E8+A12+強化8,1
強化ｶﾞﾗｽt6W100×H1800,ﾃﾝﾊﾟﾗｲﾄ(透明ﾌﾛｰﾄ)６㍉,ﾃﾝﾊﾟﾗｲﾄ(透明ﾌﾛｰﾄ)６㍉,1
網入みがき板ｶﾞﾗｽ厚さ10W1250×H1990,異形網入磨ガラス(ﾋｼ)１０㍉,異形網入磨ガラス(ﾋｼ)１０㍉,1
ﾌﾛｰﾄ板ｶﾞﾗｽ厚さ15特寸2.18㎡以下,透明フロート１５㍉,透明フロート１５㍉,1
LEa複層ｶﾞﾗｽLowe8+A12+FL82.00m2以下,ｻﾝﾊﾞﾗﾝｽLow-E8+A12+FL8,ｻﾝﾊﾞﾗﾝｽLow-E8+A12+FL8,1
フロートガラスt82.18㎡以下,透明フロート８㍉,透明フロート８㍉,1
強化ｶﾞﾗｽt82.00m2以下,ﾃﾝﾊﾟﾗｲﾄ(透明ﾌﾛｰﾄ)８㍉,ﾃﾝﾊﾟﾗｲﾄ(透明ﾌﾛｰﾄ)８㍉,1
合わせｶﾞﾗｽFL12(6+6)平面2.0㎡以下,ﾗﾐｾｰﾌｾｷｭﾘﾃｨｰ(30mil)FL6+FL6,ﾗﾐｾｰﾌｾｷｭﾘﾃｨｰ(30mil)FL6+FL6,1
1FEVﾎｰﾙ1防護柵強化ガラスt=10W850×H500取付金物:ｽﾃﾝﾚｽHL32φ,ﾃﾝﾊﾟﾗｲﾄ(透明ﾌﾛｰﾄ)１０㍉（ｶﾞﾗｽのみ）,ﾃﾝﾊﾟﾗｲﾄ(透明ﾌﾛｰﾄ)１０㍉（ｶﾞﾗｽのみ）,1
Ｌｏｗ－Ｅ合わせ複層ガラスLow-E8+A12+(FL5+FL5)4.00㎡以下,ｻﾝﾊﾞﾗﾝｽｾｷｭﾘﾃｨｰLow-E8+A12+FL5+FL5(30ﾐﾙ),ｻﾝﾊﾞﾗﾝｽｾｷｭﾘﾃｨｰLow-E8+A12+FL5+FL5(30ﾐﾙ),1
複層ガラスt36W3875×H1800FL12+A12+Low-E12,ｻﾝﾊﾞﾗﾝｽLow-E12+A12+FL12(L),ｻﾝﾊﾞﾗﾝｽLow-E12+A12+FL12(L),1
Ｌｏｗ－Ｅ複層ガラスLow-E6+A6+TP82.00㎡以下,ｻﾝﾊﾞﾗﾝｽLow-E6+A6+強化8,ｻﾝﾊﾞﾗﾝｽLow-E6+A6+強化8,1
複層ガラスt286.0㎡以下FL8+A12+Low-E8,ｻﾝﾊﾞﾗﾝｽLow-E8+A12+FL8,ｻﾝﾊﾞﾗﾝｽLow-E8+A12+FL8,1
フロストミラー,ﾌﾛｽﾄｸﾞﾗｽﾒﾀﾘｯｸ５㍉,ﾌﾛｽﾄｸﾞﾗｽﾒﾀﾘｯｸ５㍉,1
複層ｶﾞﾗｽ合(ﾌﾛｰﾄt6+耐熱強化t8)+A10+LowEt12,ｻﾝﾊﾞﾗﾝｽｾｷｭﾘﾃｨｰLow-E12+A10+FL6+FR8(60),ｻﾝﾊﾞﾗﾝｽｾｷｭﾘﾃｨｰLow-E12+A10+FL6+FR8(60),1
合せｶﾞﾗｽFL12+FL84.0㎡以下,ﾗﾐｾｰﾌｾｷｭﾘﾃｨｰ(30mil)FL8+FL12,ﾗﾐｾｰﾌｾｷｭﾘﾃｨｰ(30mil)FL8+FL12,1
Ｌｏｗ－Ｅ複層ガラスLow-E6+A12+TP84.00㎡以下,ｻﾝﾊﾞﾗﾝｽLow-E6+A12+強化8,ｻﾝﾊﾞﾗﾝｽLow-E6+A12+強化8,1
化粧鏡W450×H900厚5.0防錆鏡,ｻﾝﾐﾗｰﾃﾞﾗｯｸｽ５㍉･･･壁面／洗面,ｻﾝﾐﾗｰﾃﾞﾗｯｸｽ５㍉･･･壁面／洗面,1
化粧鏡t5.0W1855.5×H900,サンミラー５㍉･･･壁面／洗面,サンミラー５㍉･･･壁面／洗面,1
AD-1強化ｶﾞﾗｽ厚5150×2310,ﾃﾝﾊﾟﾗｲﾄ(透明ﾌﾛｰﾄ)５㍉,ﾃﾝﾊﾟﾗｲﾄ(透明ﾌﾛｰﾄ)５㍉,1
ﾌﾛｽﾄｶﾞﾗｽ厚さ4.0mm120×120(SD-112),型板ガラス４㍉,型板ガラス４㍉,1
合せガラス厚12.02.00㎡以下FL6+FL6,ﾗﾐｾｰﾌｾｷｭﾘﾃｨｰ(30mil)FL6+FL6,ﾗﾐｾｰﾌｾｷｭﾘﾃｨｰ(30mil)FL6+FL6,1
複層ｶﾞﾗｽLowE5+A12+FL5特寸2.0㎡以下,ｻﾝﾊﾞﾗﾝｽLow-E5+A12+FL5,ｻﾝﾊﾞﾗﾝｽLow-E5+A12+FL5,1
化粧鏡t5.0W2731.5×H1000,ｻﾝﾐﾗｰ５㍉壁面／洗面分割前提,ｻﾝﾐﾗｰ５㍉壁面／洗面分割前提,1
ｽﾃﾝﾄﾞｸﾞﾗｽｶﾊﾞｰ強化ｶﾞﾗｽ厚さ6㎜平面2.0㎡以下W630×H1305,ﾃﾝﾊﾟﾗｲﾄ(透明ﾌﾛｰﾄ)６㍉,ﾃﾝﾊﾟﾗｲﾄ(透明ﾌﾛｰﾄ)６㍉,1
複層ｶﾞﾗｽLowE5+A12+FL5特寸2.0㎡以下,ｻﾝﾊﾞﾗﾝｽLow-E5+A12+FL5,ｻﾝﾊﾞﾗﾝｽLow-E5+A12+FL5,1
合せガラス厚12.02.00㎡以下FL6+FL6,ﾗﾐｾｰﾌｾｷｭﾘﾃｨｰ(30mil)FL6+FL6,ﾗﾐｾｰﾌｾｷｭﾘﾃｨｰ(30mil)FL6+FL6,1
LEaAW-e2複層ｶﾞﾗｽLowe8+A12+FL8異形900×2600(2.1m2),異形ｻﾝﾊﾞﾗﾝｽLow-E8+A12+FL8,異形ｻﾝﾊﾞﾗﾝｽLow-E8+A12+FL8,1
強化合わせガラスTG6+TG64.00㎡以下,ﾗﾐｾｰﾌｾｷｭﾘﾃｨｰ(60mil)強化6+強化6,ﾗﾐｾｰﾌｾｷｭﾘﾃｨｰ(60mil)強化6+強化6,1
耐熱ガラスt8W1520×H2250,ﾏｲﾎﾞｰｶ(透明ﾌﾛｰﾄ)８㍉,ﾏｲﾎﾞｰｶ(透明ﾌﾛｰﾄ)８㍉,1
Ｌｏｗ－Ｅ複層ガラスLow-E6+A12+FL54.00㎡以下,ｻﾝﾊﾞﾗﾝｽLow-E6+A12+FL5,ｻﾝﾊﾞﾗﾝｽLow-E6+A12+FL5,1
鏡t6W2543×H1700,サンミラー６㍉･･･壁面／洗面,サンミラー６㍉･･･壁面／洗面,1
複層ｶﾞﾗｽFL5+A12+FL54.0㎡以下,ﾍﾟｱｶﾞﾗｽFL5+A12+FL5,ﾍﾟｱｶﾞﾗｽFL5+A12+FL5,1
ﾌﾛｰﾄ板ｶﾞﾗｽ厚さ6特寸2.18㎡以下,透明フロート６㍉,透明フロート６㍉,1
ガラス手摺ＡH1800持ち出しﾀｲﾌﾟﾌﾛｰﾄｶﾞﾗｽt15,透明フロート１５㍉H1800,透明フロート１５㍉H1800,1
複層ガラス厚24.02.00㎡以下FL10+A6+FL8,ﾍﾟｱｶﾞﾗｽFL10+A6+FL8,ﾍﾟｱｶﾞﾗｽFL10+A6+FL8,1
強化合わせｶﾞﾗｽ(ｶﾗｰ中間膜)強化t5+強化t50.8m2以下(ﾋｰﾄｿｰｸ処理),カラーラミセーフ強化5+強化5(60mil),カラーラミセーフ強化5+強化5(60mil),1
フロート板ガラス厚6.0W100×H1900,透明フロート６㍉,透明フロート６㍉,1
フロートガラスt82.18㎡以下,透明フロート８㍉,透明フロート８㍉,1
フロートガラスt126.81㎡以下,透明フロート１２㍉,透明フロート１２㍉,1
型板ｶﾞﾗｽ厚4100×1800ﾀﾍﾟｽﾄﾘｰ加工,型板ガラス４㍉※,型板ガラス４㍉※,1
ﾌﾛｽﾄｶﾞﾗｽ厚さ4.0mm150×150(SD-202他),型板ガラス４㍉,型板ガラス４㍉,1
合わせｶﾞﾗｽFL16(8+8)平面2.0㎡以下,ﾗﾐｾｰﾌｾｷｭﾘﾃｨｰ(30mil)FL8+FL8,ﾗﾐｾｰﾌｾｷｭﾘﾃｨｰ(30mil)FL8+FL8,1
複層ガラスt30W1500×H4876FL8+A12+Low-E10,ｻﾝﾊﾞﾗﾝｽLow-E10+A12+FL8(L),ｻﾝﾊﾞﾗﾝｽLow-E10+A12+FL8(L),1
LEa複層ｶﾞﾗｽLowe6+A12+FL62.00m2以下,ｻﾝﾊﾞﾗﾝｽLow-E6+A12+FL6,ｻﾝﾊﾞﾗﾝｽLow-E6+A12+FL6,1
複層ガラス厚24.02.00㎡以下FL10+A6+FL8,ﾍﾟｱｶﾞﾗｽFL10+A6+FL8,ﾍﾟｱｶﾞﾗｽFL10+A6+FL8,1
合せガラス厚12.04.00㎡以下FL6+FL6,ﾗﾐｾｰﾌｾｷｭﾘﾃｨｰ(30mil)FL6+FL6,ﾗﾐｾｰﾌｾｷｭﾘﾃｨｰ(30mil)FL6+FL6,1
合わせｶﾞﾗｽﾌﾛ-ﾄt3+ﾌﾛ-ﾄt3W100×H950,ﾗﾐｾｰﾌｾｷｭﾘﾃｨｰ(30mil)FL3+FL3,ﾗﾐｾｰﾌｾｷｭﾘﾃｨｰ(30mil)FL3+FL3,1
透明ﾌﾛｰﾄ板ｶﾞﾗｽt=64.45㎡以下,透明フロート６㍉,透明フロート６㍉,1
複層ガラスt32W3825×H1800FL10+A12+Low-E10,ｻﾝﾊﾞﾗﾝｽLow-E10+A12+FL10(L),ｻﾝﾊﾞﾗﾝｽLow-E10+A12+FL10(L),1
複層ｶﾞﾗｽLowE6+A12+FL66.00m2以下,ｻﾝﾊﾞﾗﾝｽLow-E6+A12+FL6,ｻﾝﾊﾞﾗﾝｽLow-E6+A12+FL6,1
複層ｶﾞﾗｽFL10+A12+FL10特寸8.0㎡以下,ﾍﾟｱｶﾞﾗｽFL10+A12+FL10,ﾍﾟｱｶﾞﾗｽFL10+A12+FL10,1
ﾀﾞﾝｽｽﾀｼﾞｵ壁姿見鏡t=6W3550×H3500下地耐水合板t12共,ｻﾝﾐﾗｰ６㍉壁面／洗面分割前提,ｻﾝﾐﾗｰ６㍉壁面／洗面分割前提,1
強化ｶﾞﾗｽt82.00m2以下,ﾃﾝﾊﾟﾗｲﾄ(透明ﾌﾛｰﾄ)８㍉,ﾃﾝﾊﾟﾗｲﾄ(透明ﾌﾛｰﾄ)８㍉,1
強化ｶﾞﾗｽ厚52.00㎡以下,ﾃﾝﾊﾟﾗｲﾄ(透明ﾌﾛｰﾄ)５㍉,ﾃﾝﾊﾟﾗｲﾄ(透明ﾌﾛｰﾄ)５㍉,1
複層ガラスt30W700×H3548FL8+A12+Low-E10,ｻﾝﾊﾞﾗﾝｽLow-E10+A12+FL8(L),ｻﾝﾊﾞﾗﾝｽLow-E10+A12+FL8(L),1
ﾌﾛｰﾄ板ｶﾞﾗｽ厚さ6.0mm特寸2.18㎡以下,透明フロート６㍉,透明フロート６㍉,1
合わせｶﾞﾗｽPSG8+PSG84.00㎡以下,ﾗﾐｾｰﾌｾｷｭﾘﾃｨｰ(30mil)FL8+FL8,ﾗﾐｾｰﾌｾｷｭﾘﾃｨｰ(30mil)FL8+FL8,1
ガラス手摺H1200平部強化ｶﾞﾗｽt15,ﾃﾝﾊﾟﾗｲﾄ(透明ﾌﾛｰﾄ)１５㍉H1200平部,ﾃﾝﾊﾟﾗｲﾄ(透明ﾌﾛｰﾄ)１５㍉H1200平部,1
複層ガラスt30W700×H3548FL8+A12+Low-E10,ｻﾝﾊﾞﾗﾝｽLow-E10+A12+FL8(L),ｻﾝﾊﾞﾗﾝｽLow-E10+A12+FL8(L),1
強化透明ﾌﾛｰﾄ板ｶﾞﾗｽt=122.0㎡以下,ﾃﾝﾊﾟﾗｲﾄ(透明ﾌﾛｰﾄ)１２㍉,ﾃﾝﾊﾟﾗｲﾄ(透明ﾌﾛｰﾄ)１２㍉,1
LEa複層ｶﾞﾗｽLowe6+A12+HRT84.00m2以下,ｻﾝﾊﾞﾗﾝｽLow-E6+A12+耐熱強化8,ｻﾝﾊﾞﾗﾝｽLow-E6+A12+耐熱強化8,1
強化型板ｶﾞﾗｽW850×H2450厚8.0,フロスト熱処理ガラス８㍉,フロスト熱処理ガラス８㍉,1
ﾌﾛｰﾄ板ｶﾞﾗｽ厚さ10特寸6.81㎡以下,透明フロート１０㍉,透明フロート１０㍉,1
自動扉衝突防止柵強化ｶﾞﾗｽ厚8,ﾃﾝﾊﾟﾗｲﾄ(透明ﾌﾛｰﾄ)８㍉,ﾃﾝﾊﾟﾗｲﾄ(透明ﾌﾛｰﾄ)８㍉,1
合わせｶﾞﾗｽ強化t8+強化t8,ﾗﾐｾｰﾌｾｷｭﾘﾃｨｰ(60mil)強化8+強化8,ﾗﾐｾｰﾌｾｷｭﾘﾃｨｰ(60mil)強化8+強化8,1
複層ｶﾞﾗｽ網入磨t6.8+A12+ﾌﾛｰﾄt52.0m2以下,ﾍﾟｱｶﾞﾗｽPW6.8+A12+FL5,ﾍﾟｱｶﾞﾗｽPW6.8+A12+FL5,1
ﾌﾛｽﾄｶﾞﾗｽ厚さ4.0mm120×1800,型板ガラス４㍉,型板ガラス４㍉,1
ﾌﾛｰﾄｶﾞﾗｽt122.18m2以下,透明フロート１２㍉,透明フロート１２㍉,1
複層ｶﾞﾗｽ合(ﾌﾛｰﾄt6+耐熱強化t8)+A10+LowEt12,ｻﾝﾊﾞﾗﾝｽｾｷｭﾘﾃｨｰLow-E12+A10+FL6+FR8(60),ｻﾝﾊﾞﾗﾝｽｾｷｭﾘﾃｨｰLow-E12+A10+FL6+FR8(60),1
強化ｶﾞﾗｽ厚さ8㎜平面6.0㎡以下,ﾃﾝﾊﾟﾗｲﾄ(透明ﾌﾛｰﾄ)８㍉,ﾃﾝﾊﾟﾗｲﾄ(透明ﾌﾛｰﾄ)８㍉,1
複層ｶﾞﾗｽFL6+A12+FL66.00m2以下,ﾍﾟｱｶﾞﾗｽFL6+A12+FL6,ﾍﾟｱｶﾞﾗｽFL6+A12+FL6,1
複層ｶﾞﾗｽ合(ﾌﾛｰﾄt6+乳白色中間膜+耐熱強化t8)+A10+LowEt12,ｻﾝﾊﾞﾗﾝｽｾｷｭﾘﾃｨｰLow-E12+A10+FL6+FR8(乳60),ｻﾝﾊﾞﾗﾝｽｾｷｭﾘﾃｨｰLow-E12+A10+FL6+FR8(乳60),1
強化ｶﾞﾗｽ厚82.00m2以下,ﾃﾝﾊﾟﾗｲﾄ(透明ﾌﾛｰﾄ)８㍉,ﾃﾝﾊﾟﾗｲﾄ(透明ﾌﾛｰﾄ)８㍉,1
複層ｶﾞﾗｽT8+A8+T82.00m2以下,ﾍﾟｱｶﾞﾗｽ強化8+A8+強化8,ﾍﾟｱｶﾞﾗｽ強化8+A8+強化8,1
複層ｶﾞﾗｽFL6+A12+P6.82.00m2以下,ﾍﾟｱｶﾞﾗｽPW6.8+A12+FL6,ﾍﾟｱｶﾞﾗｽPW6.8+A12+FL6,1
ﾌﾛｽﾄｶﾞﾗｽ厚さ4.0mm120×120(SD-112),型板ガラス４㍉,型板ガラス４㍉,1
ﾌﾛｰﾄ板ｶﾞﾗｽ厚さ6特寸2.18㎡以下,透明フロート６㍉,透明フロート６㍉,1
フロート板ガラスt6W40×H1800,透明フロート６㍉,透明フロート６㍉,1
化粧柱強化ｶﾞﾗｽ厚さ8㎜平面6.0㎡以下W1368×H3000,ﾃﾝﾊﾟﾗｲﾄ(透明ﾌﾛｰﾄ)８㍉,ﾃﾝﾊﾟﾗｲﾄ(透明ﾌﾛｰﾄ)８㍉,1
強化ｶﾞﾗｽt8W1875×H3450,ﾃﾝﾊﾟﾗｲﾄ(透明ﾌﾛｰﾄ)８㍉,ﾃﾝﾊﾟﾗｲﾄ(透明ﾌﾛｰﾄ)８㍉,1
Ｌｏｗ－Ｅ複層ガラスLow-E8+A6+TP82.00㎡以下,ｻﾝﾊﾞﾗﾝｽLow-E8+A6+強化8,ｻﾝﾊﾞﾗﾝｽLow-E8+A6+強化8,1
化粧鏡L2035×H1000,サンミラー５㍉･･･壁面／洗面,サンミラー５㍉･･･壁面／洗面,1
合わせガラスﾌﾛｰﾄ5+ﾌﾛｰﾄ52.00㎡以下,ﾗﾐｾｰﾌｾｷｭﾘﾃｨｰ(30mil)FL5+FL5,ﾗﾐｾｰﾌｾｷｭﾘﾃｨｰ(30mil)FL5+FL5,1
鏡防湿鏡厚5,ｻﾝﾐﾗｰﾃﾞﾗｯｸｽ５㍉･･･壁面／洗面,ｻﾝﾐﾗｰﾃﾞﾗｯｸｽ５㍉･･･壁面／洗面,1
網入みがき板ｶﾞﾗｽ厚さ10W1879×H1027.2,異形網入磨ガラス(ﾋｼ)１０㍉,異形網入磨ガラス(ﾋｼ)１０㍉,1
LEaAW-e2複層ｶﾞﾗｽLowe8+A12+FL8異形900×3500(3.0m2),異形ｻﾝﾊﾞﾗﾝｽLow-E8+A12+FL8,異形ｻﾝﾊﾞﾗﾝｽLow-E8+A12+FL8,1
複層ｶﾞﾗｽLowE8+A12+T84.00m2以下,ｻﾝﾊﾞﾗﾝｽLow-E8+A12+強化8,ｻﾝﾊﾞﾗﾝｽLow-E8+A12+強化8,1
倍強度ガラスt=6.02.00㎡以下ｾﾗﾐｯｸﾌﾟﾘﾝﾄ,セラプリライト６㍉＜指定柄＞,セラプリライト６㍉＜指定柄＞,1
複層ｶﾞﾗｽFL5+A12+FL52.00m2以下,ﾍﾟｱｶﾞﾗｽFL5+A12+FL5,ﾍﾟｱｶﾞﾗｽFL5+A12+FL5,1
ｶﾞﾗｽ手摺H1200平部強化ｶﾞﾗｽt15,ﾃﾝﾊﾟﾗｲﾄ(透明ﾌﾛｰﾄ)15㍉H1200(ｶﾞﾗｽのみ),ﾃﾝﾊﾟﾗｲﾄ(透明ﾌﾛｰﾄ)15㍉H1200(ｶﾞﾗｽのみ),1
ﾌﾛｰﾄｶﾞﾗｽt102.18m2以下,透明フロート１０㍉,透明フロート１０㍉,1
強化透明ﾌﾛｰﾄ板ｶﾞﾗｽt=124.0㎡以下,ﾃﾝﾊﾟﾗｲﾄ(透明ﾌﾛｰﾄ)１２㍉,ﾃﾝﾊﾟﾗｲﾄ(透明ﾌﾛｰﾄ)１２㍉,1
複層ｶﾞﾗｽFL8+A12+FL8特寸8.0㎡以下,ﾍﾟｱｶﾞﾗｽFL8+A12+FL8,ﾍﾟｱｶﾞﾗｽFL8+A12+FL8,1
複層ガラスt324.0㎡以下FL10+A12+Low-E10,ｻﾝﾊﾞﾗﾝｽLow-E10+A12+FL10,ｻﾝﾊﾞﾗﾝｽLow-E10+A12+FL10,1
網入みがき板ｶﾞﾗｽ厚さ10W1585×H1134,異形網入磨ガラス(ﾋｼ)１０㍉,異形網入磨ガラス(ﾋｼ)１０㍉,1
Ｌｏｗ－Ｅ複層ガラスLow-E6+A12+FL52.00㎡以下,ｻﾝﾊﾞﾗﾝｽLow-E6+A12+FL5,ｻﾝﾊﾞﾗﾝｽLow-E6+A12+FL5,1
ﾌﾛｰﾄ板ｶﾞﾗｽ厚さ12特寸6.81㎡以下,透明フロート１２㍉,透明フロート１２㍉,1
複層ｶﾞﾗｽﾌﾛｰﾄt10+A10+ﾌﾛｰﾄt8,ﾍﾟｱｶﾞﾗｽFL8+A10+FL10,ﾍﾟｱｶﾞﾗｽFL8+A10+FL10,1
複層ガラスt36W3700×H1800FL12+A12+Low-E12,ｻﾝﾊﾞﾗﾝｽLow-E12+A12+FL12(L),ｻﾝﾊﾞﾗﾝｽLow-E12+A12+FL12(L),1
強化ｶﾞﾗｽ厚62.00m2以下,ﾃﾝﾊﾟﾗｲﾄ(透明ﾌﾛｰﾄ)６㍉,ﾃﾝﾊﾟﾗｲﾄ(透明ﾌﾛｰﾄ)６㍉,1
手術室OP3､9複層ｶﾞﾗｽFL6+A12+鉛入144.00m2以下,〈手術室OP3､9複層ｶﾞﾗｽFL6+A12+鉛入14〉,〈手術室OP3､9複層ｶﾞﾗｽFL6+A12+鉛入14〉,1
複層ｶﾞﾗｽ強化LE8+A12+TG8特寸4.00㎡以下,ｻﾝﾊﾞﾗﾝｽLow-E強化8+A12+強化8,ｻﾝﾊﾞﾗﾝｽLow-E強化8+A12+強化8,1
強化ｶﾞﾗｽ厚62.00㎡以下,ﾃﾝﾊﾟﾗｲﾄ(透明ﾌﾛｰﾄ)６㍉,ﾃﾝﾊﾟﾗｲﾄ(透明ﾌﾛｰﾄ)６㍉,1
複層ｶﾞﾗｽLowE10+A12+FL102.00m2以下,ｻﾝﾊﾞﾗﾝｽLow-E10+A12+FL10,ｻﾝﾊﾞﾗﾝｽLow-E10+A12+FL12,0
ｶﾞﾗｽ手摺平部W750×H1200強化合わせｶﾞﾗｽt15+12,ﾗﾐｾｰﾌｾｷｭﾘﾃｨｰ(60mil)強化12+強化15,ﾗﾐｾｰﾌｾｷｭﾘﾃｨｰ(60mil)強化12+強化15,1
鏡張りW2750×H2400,ｻﾝﾐﾗｰ５㍉壁面／洗面分割前提,ｻﾝﾐﾗｰ５㍉壁面／洗面分割前提,1
LEa複層ｶﾞﾗｽLowe10+A12+FL104.00m2以下,ｻﾝﾊﾞﾗﾝｽLow-E10+A12+FL10,ｻﾝﾊﾞﾗﾝｽLow-E10+A12+FL10,1
強化合わせｶﾞﾗｽ(ｶﾗｰ中間膜)強化t5+強化t50.8m2以下(ﾋｰﾄｿｰｸ処理),カラーラミセーフ強化5+強化5(60mil),カラーラミセーフ強化5+強化5(60mil),1
ﾌﾛｽﾄｶﾞﾗｽ厚さ8.0mm特寸2.18㎡以下,フロストグラス（プレーン）８㍉,フロストグラス（プレーン）８㍉,1
強化ｶﾞﾗｽ厚さ5㎜平面4.0㎡以下,ﾃﾝﾊﾟﾗｲﾄ(透明ﾌﾛｰﾄ)５㍉,ﾃﾝﾊﾟﾗｲﾄ(透明ﾌﾛｰﾄ)５㍉,1
複層ガラスt30W1500×H3079.4FL8+A12+Low-E10,ｻﾝﾊﾞﾗﾝｽLow-E10+A12+FL8,ｻﾝﾊﾞﾗﾝｽLow-E10+A12+FL8,1
ﾌﾛｰﾄ板ｶﾞﾗｽ厚さ6.0mm900×295(SD-301),透明フロート６㍉,透明フロート６㍉,1
複層ｶﾞﾗｽLowE8+A12+T8W1884×H3450,ｻﾝﾊﾞﾗﾝｽLow-E8+A12+強化8,ｻﾝﾊﾞﾗﾝｽLow-E8+A12+強化8,1
ﾌﾛｽﾄｶﾞﾗｽ厚さ4.0mm120×1800,型板ガラス４㍉,型板ガラス４㍉,1
化粧鏡t5.0W1863×H900,サンミラー５㍉･･･壁面／洗面,サンミラー５㍉･･･壁面／洗面,1
複層ｶﾞﾗｽFL8+A12+FL8特寸6.0㎡以下,ﾍﾟｱｶﾞﾗｽFL8+A12+FL8,ﾍﾟｱｶﾞﾗｽFL8+A12+FL8,1
LEaAW-e2複層ｶﾞﾗｽLowe8+A12+FL8異形900×3700(3.1m2),異形ｻﾝﾊﾞﾗﾝｽLow-E8+A12+FL8(L),異形ｻﾝﾊﾞﾗﾝｽLow-E8+A12+FL8,0
LEaAW-e2複層ｶﾞﾗｽLowe8+A12+FL8異形900×3500(3.0m2),異形ｻﾝﾊﾞﾗﾝｽLow-E8+A12+FL8,異形ｻﾝﾊﾞﾗﾝｽLow-E8+A12+FL8,1
ﾌﾛｰﾄｶﾞﾗｽ厚54.45m2以下,透明フロート５㍉,透明フロート５㍉,1
LEa複層ｶﾞﾗｽLowe10+A12+FL106.00m2以下,ｻﾝﾊﾞﾗﾝｽLow-E10+A12+FL10,ｻﾝﾊﾞﾗﾝｽLow-E10+A12+FL10,1
鏡t6W2594×H1700,サンミラー６㍉･･･壁面／洗面,サンミラー６㍉･･･壁面／洗面,1
型板ｶﾞﾗｽ厚42.18㎡以下,型板ガラス４㍉,型板ガラス４㍉,1
耐熱強化ｶﾞﾗｽ厚さ5.0mm2400×1400欠け:2400×860÷2(SW-607),ﾏｲﾎﾞｰｶ(透明ﾌﾛｰﾄ)５㍉,ﾏｲﾎﾞｰｶ(透明ﾌﾛｰﾄ)５㍉,1
強化ｶﾞﾗｽ厚さ8㎜平面2.0㎡以下,ﾃﾝﾊﾟﾗｲﾄ(透明ﾌﾛｰﾄ)８㍉,ﾃﾝﾊﾟﾗｲﾄ(透明ﾌﾛｰﾄ)８㍉,1
ﾌﾛｽﾄｶﾞﾗｽ厚さ4.0mm120×800(LD-K03他),型板ガラス４㍉,型板ガラス４㍉,1
強化ガラスt102.0㎡以下,ﾃﾝﾊﾟﾗｲﾄ(透明ﾌﾛｰﾄ)１０㍉,ﾃﾝﾊﾟﾗｲﾄ(透明ﾌﾛｰﾄ)１０㍉,1
化粧鏡L2035×H1000,サンミラー５㍉･･･壁面／洗面,サンミラー５㍉･･･壁面／洗面,1
LEaAW-e2複層ｶﾞﾗｽLowe8+A12+FL8異形900×700(0.6m2),異形ｻﾝﾊﾞﾗﾝｽLow-E8+A12+FL8,異形ｻﾝﾊﾞﾗﾝｽLow-E8+A12+FL8,1
フロートガラスt62.18㎡以下,透明フロート６㍉,透明フロート６㍉,1
透明ﾌﾛｰﾄ板ｶﾞﾗｽt=194350×2800,透明フロート１９㍉,透明フロート１９㍉,1
複層ｶﾞﾗｽLE8+A12+HS8特寸6.00㎡以下,ｻﾝﾊﾞﾗﾝｽLow-E8+A12+HS8,ｻﾝﾊﾞﾗﾝｽLow-E8+A12+HS8,1
合わせｶﾞﾗｽﾌﾛ-ﾄt6+ﾌﾛ-ﾄt64.0m2以下,ﾗﾐｾｰﾌｾｷｭﾘﾃｨｰ(30mil)FL6+FL6,ﾗﾐｾｰﾌｾｷｭﾘﾃｨｰ(30mil)FL6+FL6,1
強化合わせｶﾞﾗｽ厚6+厚62.00m2以下,ﾗﾐｾｰﾌｾｷｭﾘﾃｨｰ(60mil)強化6+強化6,ﾗﾐｾｰﾌｾｷｭﾘﾃｨｰ(60mil)強化6+強化6,1
化粧鏡L1500×H1000,サンミラー５㍉･･･壁面／洗面,サンミラー５㍉･･･壁面／洗面,1
防犯合わせｶﾞﾗｽt4+t4180×1600,カラーラミセーフFL4+FL4(乳30),カラーラミセーフFL4+FL4(乳30),1
複層ｶﾞﾗｽ網入磨t6.8+A12+ﾌﾛｰﾄt52.0m2以下,ﾍﾟｱｶﾞﾗｽPW6.8+A12+FL5,ﾍﾟｱｶﾞﾗｽPW6.8+A12+FL5,1
耐熱ガラスt8W1520×H2250,ﾏｲﾎﾞｰｶ(透明ﾌﾛｰﾄ)８㍉,ﾏｲﾎﾞｰｶ(透明ﾌﾛｰﾄ)８㍉,1
網入みがき板ｶﾞﾗｽ厚さ10W2193×H1027.2,異形網入磨ガラス(ﾋｼ)１０㍉,異形網入磨ガラス(ﾋｼ)１０㍉,1
ﾌﾛｰﾄ板ｶﾞﾗｽ厚さ6W100×H1800,透明フロート６㍉,透明フロート６㍉,1
フロートガラスt84.45㎡以下,透明フロート８㍉,透明フロート８㍉,1
複層ｶﾞﾗｽﾌﾛｰﾄt6+A12+ﾌﾛｰﾄt82.0m2以下,ﾍﾟｱｶﾞﾗｽFL6+A12+FL8,ﾍﾟｱｶﾞﾗｽFL6+A12+FL8,1
防犯合わせｶﾞﾗｽt4+t4180×1600,カラーラミセーフFL4+FL4(乳30),カラーラミセーフFL4+FL4(乳30),1
強化ガラス戸t10W850×H2000,ﾃﾝﾊﾟﾗｲﾄ(透明ﾌﾛｰﾄ)１０㍉,ﾃﾝﾊﾟﾗｲﾄ(透明ﾌﾛｰﾄ)１０㍉,1
透明ﾌﾛｰﾄ板ｶﾞﾗｽt=64.45㎡以下,透明フロート６㍉,透明フロート６㍉,1
透明ﾌﾛｰﾄ板ｶﾞﾗｽt=192779×2800,透明フロート１９㍉,透明フロート１９㍉,1
強化ｶﾞﾗｽ厚さ5㎜平面4.0㎡以下,ﾃﾝﾊﾟﾗｲﾄ(透明ﾌﾛｰﾄ)５㍉,ﾃﾝﾊﾟﾗｲﾄ(透明ﾌﾛｰﾄ)５㍉,1
化粧柱強化ｶﾞﾗｽ厚さ8㎜平面6.0㎡以下W1368×H3000,ﾃﾝﾊﾟﾗｲﾄ(透明ﾌﾛｰﾄ)８㍉,ﾃﾝﾊﾟﾗｲﾄ(透明ﾌﾛｰﾄ)８㍉,1
強化ｶﾞﾗｽt82.00m2以下,ﾃﾝﾊﾟﾗｲﾄ(透明ﾌﾛｰﾄ)８㍉,ﾃﾝﾊﾟﾗｲﾄ(透明ﾌﾛｰﾄ)８㍉,1
複層ｶﾞﾗｽFL5+A12+FL52.00m2以下,ﾍﾟｱｶﾞﾗｽFL5+A12+FL5,ﾍﾟｱｶﾞﾗｽFL5+A12+FL5,1
化粧鏡W300×H450厚5.0防錆鏡,ｻﾝﾐﾗｰﾃﾞﾗｯｸｽ５㍉･･･壁面／洗面,ｻﾝﾐﾗｰﾃﾞﾗｯｸｽ５㍉･･･壁面／洗面,1
強化ｶﾞﾗｽt10W1375×H3000,ﾃﾝﾊﾟﾗｲﾄ(透明ﾌﾛｰﾄ)１０㍉,ﾃﾝﾊﾟﾗｲﾄ(透明ﾌﾛｰﾄ)１０㍉,1
Low-E複層ガラス厚26.04.00㎡以下Low-E8+A6+,ｻﾝﾊﾞﾗﾝｽｾｷｭﾘﾃｨｰLow-E8+A6+FL6+FL6(防音30),ｻﾝﾊﾞﾗﾝｽｾｷｭﾘﾃｨｰLow-E8+A6+FL6+FL6(防音30),1
強化ガラスt104.0㎡以下,ﾃﾝﾊﾟﾗｲﾄ(透明ﾌﾛｰﾄ)１０㍉,ﾃﾝﾊﾟﾗｲﾄ(透明ﾌﾛｰﾄ)１０㍉,1
強化ｶﾞﾗｽ厚52.00㎡以下,ﾃﾝﾊﾟﾗｲﾄ(透明ﾌﾛｰﾄ)５㍉,ﾃﾝﾊﾟﾗｲﾄ(透明ﾌﾛｰﾄ)５㍉,1
耐熱強化ｶﾞﾗｽt104.00m2以下,ﾏｲﾎﾞｰｶ(透明ﾌﾛｰﾄ)１０㍉,ﾏｲﾎﾞｰｶ(透明ﾌﾛｰﾄ)１０㍉,1
ﾌﾛｽﾄｶﾞﾗｽ厚さ4.0mm120×1800(SD-207他),型板ガラス４㍉,型板ガラス４㍉,1
LEaAW-e2複層ｶﾞﾗｽLowe8+A12+FL8異形900×700(0.6m2),異形ｻﾝﾊﾞﾗﾝｽLow-E8+A12+FL8,異形ｻﾝﾊﾞﾗﾝｽLow-E8+A12+FL8,1
型板ｶﾞﾗｽ厚さ6W150×H1800,型板ガラス６㍉,型板ガラス６㍉,1
複層ガラスt32W1375×H3730FL10+A12+Low-E10,ｻﾝﾊﾞﾗﾝｽLow-E10+A12+FL10(L),ｻﾝﾊﾞﾗﾝｽLow-E10+A12+FL10(L),1
化粧鏡450×1000×厚5,サンミラー５㍉･･･壁面／洗面,サンミラー５㍉･･･壁面／洗面,1
複層ガラスt266.0㎡以下FL6+A12+Low-E8,ｻﾝﾊﾞﾗﾝｽLow-E8+A12+FL6,ｻﾝﾊﾞﾗﾝｽLow-E8+A12+FL6,1
フロートガラスt124.45㎡以下,透明フロート１２㍉,透明フロート１２㍉,1
Ｌｏｗ－Ｅ複層ガラスLow-ETP8+A12+TP82.00㎡以下異形(切断有),ｻﾝﾊﾞﾗﾝｽLow-E強化8+A12+強化8（異形）,ｻﾝﾊﾞﾗﾝｽLow-E強化8+A12+強化8（異形）,1
ﾌﾛｰﾄｶﾞﾗｽt52.18m2以下,透明フロート５㍉,透明フロート５㍉,1
合わせｶﾞﾗｽPSG5+PSG52.00㎡以下,ﾗﾐｾｰﾌｾｷｭﾘﾃｨｰ(30mil)FL5+FL5,ﾗﾐｾｰﾌｾｷｭﾘﾃｨｰ(30mil)FL5+FL5,1
複層ガラスt36W4500×H1800FL12+A12+Low-E12,ｻﾝﾊﾞﾗﾝｽLow-E12+A12+FL12(L),ｻﾝﾊﾞﾗﾝｽLow-E12+A12+FL12(L),1
化粧鏡t5.0W450×H1000,サンミラー５㍉･･･壁面／洗面,サンミラー５㍉･･･壁面／洗面,1
鏡防湿鏡厚5,ｻﾝﾐﾗｰﾃﾞﾗｯｸｽ５㍉･･･壁面／洗面,ｻﾝﾐﾗｰﾃﾞﾗｯｸｽ５㍉･･･壁面／洗面,1
強化ｶﾞﾗｽt10W1375×H3000,ﾃﾝﾊﾟﾗｲﾄ(透明ﾌﾛｰﾄ)１０㍉,ﾃﾝﾊﾟﾗｲﾄ(透明ﾌﾛｰﾄ)１０㍉,1
複層ｶﾞﾗｽﾌﾛｰﾄt12+A10+LowEt12,ｻﾝﾊﾞﾗﾝｽLow-E12+A10+FL12,ｻﾝﾊﾞﾗﾝｽLow-E12+A10+FL12,1
合わせｶﾞﾗｽ耐熱強化t8+強化t8,ﾗﾐｾｰﾌｾｷｭﾘﾃｨｰ(60mil)耐熱強化8+強化8,ﾗﾐｾｰﾌｾｷｭﾘﾃｨｰ(60mil)耐熱強化8+強化8,1
網入みがき板ｶﾞﾗｽ厚さ10W1722×H1027.2,異形網入磨ガラス(ﾋｼ)１０㍉,異形網入磨ガラス(ﾋｼ)１０㍉,1
型板ｶﾞﾗｽ厚4200×100ﾀﾍﾟｽﾄﾘｰ加工,型板ガラス４㍉※,型板ガラス４㍉※,1
ﾌﾛｰﾄｶﾞﾗｽt8W100×H1800,透明フロート８㍉,透明フロート８㍉,1
複層ｶﾞﾗｽﾌﾛｰﾄt6+A10+LowEt5,ｻﾝﾊﾞﾗﾝｽLow-E5+A10+FL6,ｻﾝﾊﾞﾗﾝｽLow-E5+A10+FL6,1
LEa複層ｶﾞﾗｽLowe6+A12+HRT86.00m2以下,ｻﾝﾊﾞﾗﾝｽLow-E6+A12+耐熱強化8,ｻﾝﾊﾞﾗﾝｽLow-E6+A12+耐熱強化8,1
耐熱強化ｶﾞﾗｽ厚さ5.0mm120×1800(SD-106'他),ﾏｲﾎﾞｰｶ(透明ﾌﾛｰﾄ)５㍉,ﾏｲﾎﾞｰｶ(透明ﾌﾛｰﾄ)５㍉,1
フロート板ガラス厚6.02.18㎡以下,透明フロート６㍉,透明フロート６㍉,1
フロートガラスt102.18㎡以下,透明フロート１０㍉,透明フロート１０㍉,1
合せガラス厚8.02.00㎡以下T4+T4ﾀﾍﾟｽﾄﾘｰ加工,ﾗﾐｾｰﾌｾｷｭﾘﾃｨｰ(60mil)強化4+型板強化4※,ﾗﾐｾｰﾌｾｷｭﾘﾃｨｰ(60mil)強化4+型板強化4※,1
複層ガラスt232.0㎡以下FL5+A12+Low-E6,ｻﾝﾊﾞﾗﾝｽLow-E6+A12+FL5,ｻﾝﾊﾞﾗﾝｽLow-E6+A12+FL5,1
すり板ガラスt=5.0W100×H100,すり板ガラス５㍉,すり板ガラス５㍉,1
複層ｶﾞﾗｽFL8+A12+FL8特寸6.0㎡以下,ﾍﾟｱｶﾞﾗｽFL8+A12+FL8,ﾍﾟｱｶﾞﾗｽFL8+A12+FL8,1
複層ガラスt232.0㎡以下FL5+A12+Low-E6,ｻﾝﾊﾞﾗﾝｽLow-E6+A12+FL5,ｻﾝﾊﾞﾗﾝｽLow-E6+A12+FL5,1
耐食鏡W600×H900TOTO:YM6090F同等,サンミラー５㍉･･･壁面／洗面,サンミラー５㍉･･･壁面／洗面,1
フロートガラスt5W40×H1700,透明フロート５㍉,透明フロート５㍉,1
網入磨板ガラスt=6.8W100×H1900,網入磨ガラス６．８㍉,網入磨ガラス６．８㍉,1
強化ｶﾞﾗｽ厚さ8.0mm250×500(SSD-101),ﾃﾝﾊﾟﾗｲﾄ(透明ﾌﾛｰﾄ)８㍉,ﾃﾝﾊﾟﾗｲﾄ(透明ﾌﾛｰﾄ)８㍉,1
すり板ｶﾞﾗｽFS5特寸2.18㎡以下,すり板ガラス５㍉,すり板ガラス５㍉,1
強化ｶﾞﾗｽ厚52.00㎡以下,ﾃﾝﾊﾟﾗｲﾄ(透明ﾌﾛｰﾄ)５㍉,ﾃﾝﾊﾟﾗｲﾄ(透明ﾌﾛｰﾄ)５㍉,1
Ｌｏｗ－Ｅ複層ガラスLow-ETP8+A6+TP82.00㎡以下,ｻﾝﾊﾞﾗﾝｽLow-E強化8+A6+強化8,ｻﾝﾊﾞﾗﾝｽLow-E強化8+A6+強化8,1
手術室OP3､9複層ｶﾞﾗｽFL6+A12+鉛入144.00m2以下,〈手術室OP3､9複層ｶﾞﾗｽFL6+A12+鉛入14〉,〈手術室OP3､9複層ｶﾞﾗｽFL6+A12+鉛入14〉,1
強化合わせガラスTG10+TG124.00㎡以下,ﾗﾐｾｰﾌｾｷｭﾘﾃｨｰ(60mil)強化10+強化12,ﾗﾐｾｰﾌｾｷｭﾘﾃｨｰ(60mil)強化10+強化12,1
強化ｶﾞﾗｽt10W1055×H3000,ﾃﾝﾊﾟﾗｲﾄ(透明ﾌﾛｰﾄ)１０㍉,ﾃﾝﾊﾟﾗｲﾄ(透明ﾌﾛｰﾄ)１０㍉,1
複層ｶﾞﾗｽLowE12+A12+FL124.00m2以下,ｻﾝﾊﾞﾗﾝｽLow-E12+A12+FL12,ｻﾝﾊﾞﾗﾝｽLow-E12+A12+FL12,1
複層ガラスt26W1500×H3057FL6+A12+Low-E8,ｻﾝﾊﾞﾗﾝｽLow-E8+A12+FL6,ｻﾝﾊﾞﾗﾝｽLow-E8+A12+FL6,1
強化ｶﾞﾗｽ厚54.00m2以下,ﾃﾝﾊﾟﾗｲﾄ(透明ﾌﾛｰﾄ)５㍉,ﾃﾝﾊﾟﾗｲﾄ(透明ﾌﾛｰﾄ)５㍉,1
複層ガラスt282.0㎡以下FL8+A12+Low-E8,ｻﾝﾊﾞﾗﾝｽLow-E8+A12+FL8,ｻﾝﾊﾞﾗﾝｽLow-E8+A12+FL8,1
(LSD-1)霞ｶﾞﾗｽt6120×875,型板ガラス６㍉,型板ガラス６㍉,1
フロートガラスt5100x100,透明フロート５㍉,透明フロート５㍉,1
型板ｶﾞﾗｽ厚4100×1800ﾀﾍﾟｽﾄﾘｰ加工,型板ガラス４㍉※,型板ガラス４㍉※,1
LEa複層ｶﾞﾗｽLowe6+A12+HRT82.00m2以下,ｻﾝﾊﾞﾗﾝｽLow-E6+A12+耐熱強化8,ｻﾝﾊﾞﾗﾝｽLow-E6+A12+耐熱強化8,1
フロートガラスt62.18㎡以下,透明フロート６㍉,透明フロート６㍉,1
複層ガラスt30W1500×H3179.7FL8+A12+Low-E10,ｻﾝﾊﾞﾗﾝｽLow-E10+A12+FL8,ｻﾝﾊﾞﾗﾝｽLow-E10+A12+FL8,1
耐熱ガラスt8W1500×H2855,ﾏｲﾎﾞｰｶ(透明ﾌﾛｰﾄ)８㍉,ﾏｲﾎﾞｰｶ(透明ﾌﾛｰﾄ)８㍉,1
強化ｶﾞﾗｽ厚さ8㎜平面4.0㎡以下,ﾃﾝﾊﾟﾗｲﾄ(透明ﾌﾛｰﾄ)８㍉,ﾃﾝﾊﾟﾗｲﾄ(透明ﾌﾛｰﾄ)８㍉,1
複層ｶﾞﾗｽLowE5+A12+FL5特寸4.0㎡以下,ｻﾝﾊﾞﾗﾝｽLow-E5+A12+FL5,ｻﾝﾊﾞﾗﾝｽLow-E5+A12+FL5,1
化粧鏡W400×H800厚5.0防錆鏡,ｻﾝﾐﾗｰﾃﾞﾗｯｸｽ５㍉･･･壁面／洗面,ｻﾝﾐﾗｰﾃﾞﾗｯｸｽ５㍉･･･壁面／洗面,1
強化透明ﾌﾛｰﾄ板ｶﾞﾗｽt=124.0㎡以下,ﾃﾝﾊﾟﾗｲﾄ(透明ﾌﾛｰﾄ)１２㍉,ﾃﾝﾊﾟﾗｲﾄ(透明ﾌﾛｰﾄ)１２㍉,1
複層ｶﾞﾗｽLE6+A12+FL5特寸2.00㎡以下,ｻﾝﾊﾞﾗﾝｽLow-E6+A12+FL5,ｻﾝﾊﾞﾗﾝｽLow-E6+A12+FL5,1
合わせｶﾞﾗｽ強化t8+強化t8,ﾗﾐｾｰﾌｾｷｭﾘﾃｨｰ(60mil)強化8+強化8,ﾗﾐｾｰﾌｾｷｭﾘﾃｨｰ(60mil)強化8+強化8,1
ﾌﾛｽﾄｶﾞﾗｽ厚さ4.0mm150×150,型板ガラス４㍉,型板ガラス４㍉,1
複層ｶﾞﾗｽFTP5+A12+FL54.0㎡以下,ﾏｲﾎﾞｰｶﾍﾟｱ耐熱強化5+A12+FL5,ﾏｲﾎﾞｰｶﾍﾟｱ耐熱強化5+A12+FL5,1
複層ｶﾞﾗｽFL10+A12+FL104.00m2以下,ﾍﾟｱｶﾞﾗｽFL10+A12+FL10,ﾍﾟｱｶﾞﾗｽFL10+A12+FL10,1
強化ｶﾞﾗｽt6W100×H1800,ﾃﾝﾊﾟﾗｲﾄ(透明ﾌﾛｰﾄ)６㍉,ﾃﾝﾊﾟﾗｲﾄ(透明ﾌﾛｰﾄ)６㍉,1
合わせｶﾞﾗｽﾌﾛ-ﾄt5+ﾌﾛ-ﾄt54.0m2以下,ﾗﾐｾｰﾌｾｷｭﾘﾃｨｰ(30mil)FL5+FL5,ﾗﾐｾｰﾌｾｷｭﾘﾃｨｰ(30mil)FL5+FL5,1
ｽﾃﾝﾄﾞｸﾞﾗｽｶﾊﾞｰ強化ｶﾞﾗｽ厚さ6㎜平面2.0㎡以下W630×H1745,ﾃﾝﾊﾟﾗｲﾄ(透明ﾌﾛｰﾄ)６㍉,ﾃﾝﾊﾟﾗｲﾄ(透明ﾌﾛｰﾄ)６㍉,1
(LSD-3)霞ｶﾞﾗｽt6200×875,型板ガラス６㍉,型板ガラス６㍉,1
強化ｶﾞﾗｽt104.00m2以下,ﾃﾝﾊﾟﾗｲﾄ(透明ﾌﾛｰﾄ)１０㍉,ﾃﾝﾊﾟﾗｲﾄ(透明ﾌﾛｰﾄ)１０㍉,1
Ｌｏｗ－Ｅ複層ガラスLow-E8+A12+FL82.00㎡以下,ｻﾝﾊﾞﾗﾝｽLow-E8+A12+FL8,ｻﾝﾊﾞﾗﾝｽLow-E8+A12+FL8,1
ﾌﾛｰﾄｶﾞﾗｽ厚52.18m2以下,透明フロート５㍉,透明フロート５㍉,1
ﾌﾛｰﾄ板ｶﾞﾗｽ厚さ12.0mm特寸2.18㎡以下,透明フロート１２㍉,透明フロート１２㍉,1
耐熱強化ｶﾞﾗｽt102.00m2以下,ﾏｲﾎﾞｰｶ(透明ﾌﾛｰﾄ)１０㍉,ﾏｲﾎﾞｰｶ(透明ﾌﾛｰﾄ)１０㍉,1
Ｌｏｗ－Ｅ複層ガラスLow-E6+A12+TP82.00㎡以下異形(切断有),ｻﾝﾊﾞﾗﾝｽLow-E6+A12+強化8（異形）,ｻﾝﾊﾞﾗﾝｽLow-E6+A12+強化8（異形）,1
フロート板ガラス厚8.04.45㎡以下,透明フロート８㍉,透明フロート８㍉,1
複層ガラスt32W3825×H1800FL10+A12+Low-E10,ｻﾝﾊﾞﾗﾝｽLow-E10+A12+FL10(L),ｻﾝﾊﾞﾗﾝｽLow-E10+A12+FL10(L),1
化粧鏡W400×H800厚5.0防錆鏡,ｻﾝﾐﾗｰﾃﾞﾗｯｸｽ５㍉･･･壁面／洗面,ｻﾝﾐﾗｰﾃﾞﾗｯｸｽ５㍉･･･壁面／洗面,1
強化ｶﾞﾗｽ厚さ8㎜平面4.0㎡以下,ﾃﾝﾊﾟﾗｲﾄ(透明ﾌﾛｰﾄ)８㍉,ﾃﾝﾊﾟﾗｲﾄ(透明ﾌﾛｰﾄ)８㍉,1
強化ｶﾞﾗｽt10W2039.5×H3500,ﾃﾝﾊﾟﾗｲﾄ(透明ﾌﾛｰﾄ)１０㍉,ﾃﾝﾊﾟﾗｲﾄ(透明ﾌﾛｰﾄ)１０㍉,1
複層ｶﾞﾗｽPWG6.8+A6+PSG62.00㎡以下,ﾍﾟｱｶﾞﾗｽPW6.8+A6+FL6,ﾍﾟｱｶﾞﾗｽPW6.8+A6+FL6,1
ｽﾃﾝﾄﾞｸﾞﾗｽｶﾊﾞｰ強化ｶﾞﾗｽ厚さ6㎜平面2.0㎡以下W630×H1265,ﾃﾝﾊﾟﾗｲﾄ(透明ﾌﾛｰﾄ)６㍉,ﾃﾝﾊﾟﾗｲﾄ(透明ﾌﾛｰﾄ)６㍉,1
合わせｶﾞﾗｽﾌﾛ-ﾄt5+ﾌﾛ-ﾄt56.0m2以下,ﾗﾐｾｰﾌｾｷｭﾘﾃｨｰ(30mil)FL5+FL5,ﾗﾐｾｰﾌｾｷｭﾘﾃｨｰ(30mil)FL5+FL5,1
化粧鏡W450×H900厚5.0防錆鏡,ｻﾝﾐﾗｰﾃﾞﾗｯｸｽ５㍉･･･壁面／洗面,ｻﾝﾐﾗｰﾃﾞﾗｯｸｽ５㍉･･･壁面／洗面,1
複層ガラス厚24.04.00㎡以下FL10+A6+FL8,ﾍﾟｱｶﾞﾗｽFL10+A6+FL8,ﾍﾟｱｶﾞﾗｽFL10+A6+FL8,1
化粧鏡厚6W1800×H500ｺｰﾅｰR加工,異形サンミラー６㍉･･･壁面／洗面,異形サンミラー６㍉･･･壁面／洗面,1
網入みがき板ｶﾞﾗｽ厚さ10W1251×H1027.2,異形網入磨ガラス(ﾋｼ)１０㍉,異形網入磨ガラス(ﾋｼ)１０㍉,1
ﾌﾛｰﾄ板ｶﾞﾗｽ厚さ5特寸2.18㎡以下,透明フロート５㍉,透明フロート５㍉,1
Ｌｏｗ－Ｅ複層ガラスLow-E6+A12+TP82.00㎡以下異形(切断有),ｻﾝﾊﾞﾗﾝｽLow-E6+A12+強化8（異形）,ｻﾝﾊﾞﾗﾝｽLow-E6+A12+強化8（異形）,1
強化ｶﾞﾗｽ厚さ12.0mm平面6.00㎡以下,ﾃﾝﾊﾟﾗｲﾄ(透明ﾌﾛｰﾄ)１２㍉,ﾃﾝﾊﾟﾗｲﾄ(透明ﾌﾛｰﾄ)１２㍉,1
強化透明ﾌﾛｰﾄ板ｶﾞﾗｽt=126.0㎡以下,ﾃﾝﾊﾟﾗｲﾄ(透明ﾌﾛｰﾄ)１２㍉,ﾃﾝﾊﾟﾗｲﾄ(透明ﾌﾛｰﾄ)１２㍉,1
化粧鏡L1800×H1000,サンミラー５㍉･･･壁面／洗面,サンミラー５㍉･･･壁面／洗面,1
フロート板ガラス厚8.04.45㎡以下,透明フロート８㍉,透明フロート８㍉,1
防煙垂壁A網入型板ｶﾞﾗｽ厚6.8,サンスモークカットＴ（一般天井用）,サンスモークカットＴ（一般天井用）,1
フロート板ガラス厚8.02.18㎡以下,透明フロート８㍉,透明フロート８㍉,1
型板ｶﾞﾗｽ厚42.18㎡以下,型板ガラス４㍉,型板ガラス４㍉,1
ﾄｲﾚ他化粧鏡防湿鏡t=6φ450日本板硝子ﾊｲﾐﾗｰDXⅡ同等品,異形ｻﾝﾐﾗｰﾃﾞﾗｯｸｽ６㍉･･･壁面／洗面,異形ｻﾝﾐﾗｰﾃﾞﾗｯｸｽ６㍉･･･壁面／洗面,1
ﾌﾛｰﾄｶﾞﾗｽt84.45m2以下,透明フロート８㍉,透明フロート８㍉,1
複層ｶﾞﾗｽFL6+A12+FL54.00m2以下,ﾍﾟｱｶﾞﾗｽFL5+A12+FL6,ﾍﾟｱｶﾞﾗｽFL5+A12+FL6,1
耐熱ガラスt5W1200×H2200,ﾏｲﾎﾞｰｶ(透明ﾌﾛｰﾄ)５㍉,ﾏｲﾎﾞｰｶ(透明ﾌﾛｰﾄ)５㍉,1
化粧鏡W400×H800厚5.0防錆鏡,ｻﾝﾐﾗｰﾃﾞﾗｯｸｽ５㍉･･･壁面／洗面,ｻﾝﾐﾗｰﾃﾞﾗｯｸｽ５㍉･･･壁面／洗面,1
ﾌﾛｰﾄｶﾞﾗｽt104.45m2以下,透明フロート１０㍉,透明フロート１０㍉,1
強化ガラスt=6.02.00㎡以下,ﾃﾝﾊﾟﾗｲﾄ(透明ﾌﾛｰﾄ)６㍉,ﾃﾝﾊﾟﾗｲﾄ(透明ﾌﾛｰﾄ)６㍉,1
合わせガラスﾌﾛｰﾄ5+ﾌﾛｰﾄ52.00㎡以下,ﾗﾐｾｰﾌｾｷｭﾘﾃｨｰ(30mil)FL5+FL5,ﾗﾐｾｰﾌｾｷｭﾘﾃｨｰ(30mil)FL5+FL5,1
化粧鏡t5.0W1701.5×H1000,サンミラー５㍉･･･壁面／洗面,サンミラー５㍉･･･壁面／洗面,1
透明ﾌﾛｰﾄ板ｶﾞﾗｽt=124.45㎡以下,透明フロート１５㍉,透明フロート１５㍉,1
ﾌﾛｰﾄ板ｶﾞﾗｽ厚さ6特寸4.45㎡以下,透明フロート６㍉,透明フロート６㍉,1
強化ｶﾞﾗｽ厚84.00m2以下,ﾃﾝﾊﾟﾗｲﾄ(透明ﾌﾛｰﾄ)８㍉,ﾃﾝﾊﾟﾗｲﾄ(透明ﾌﾛｰﾄ)８㍉,1
化粧鏡W450×H900厚5.0防錆鏡,ｻﾝﾐﾗｰﾃﾞﾗｯｸｽ５㍉･･･壁面／洗面,ｻﾝﾐﾗｰﾃﾞﾗｯｸｽ５㍉･･･壁面／洗面,1
合わせｶﾞﾗｽﾌﾛ-ﾄt5+ﾌﾛ-ﾄt52.0m2以下,ﾗﾐｾｰﾌｾｷｭﾘﾃｨｰ(30mil)FL5+FL5,ﾗﾐｾｰﾌｾｷｭﾘﾃｨｰ(30mil)FL5+FL5,1
強化透明ﾌﾛｰﾄ板ｶﾞﾗｽt=126.0㎡以下,ﾃﾝﾊﾟﾗｲﾄ(透明ﾌﾛｰﾄ)１２㍉,ﾃﾝﾊﾟﾗｲﾄ(透明ﾌﾛｰﾄ)１２㍉,1
耐熱ガラスt6.5W1375×H2050,ﾏｲﾎﾞｰｶ(透明ﾌﾛｰﾄ)６.５㍉,ﾏｲﾎﾞｰｶ(透明ﾌﾛｰﾄ)６.５㍉,1
LEa複層ｶﾞﾗｽLowe6+A12+FL62.00m2以下,ｻﾝﾊﾞﾗﾝｽLow-E6+A12+FL6,ｻﾝﾊﾞﾗﾝｽLow-E6+A12+FL6,1
ﾌﾛｽﾄｶﾞﾗｽ厚さ4.0mm120×800(LD-K03他),型板ガラス４㍉,型板ガラス４㍉,1
LEaAW-e2複層ｶﾞﾗｽLowe8+A12+FL8異形900×3300(2.7m2),異形ｻﾝﾊﾞﾗﾝｽLow-E8+A12+FL8,異形ｻﾝﾊﾞﾗﾝｽLow-E8+A12+FL8,1
複層ｶﾞﾗｽﾌﾛｰﾄt12+A12+ﾌﾛｰﾄt84.0m2以下,ﾍﾟｱｶﾞﾗｽFL8+A12+FL12,ﾍﾟｱｶﾞﾗｽFL8+A12+FL12,1
フロート板ガラス乳白色t6W40×H2100,透明フロート６㍉,透明フロート６㍉,1
鏡t6W2914×H1700,サンミラー６㍉･･･壁面／洗面,サンミラー６㍉･･･壁面／洗面,1
複層ｶﾞﾗｽLowE8+A12+T8W1875×H3450,ｻﾝﾊﾞﾗﾝｽLow-E8+A12+強化8,ｻﾝﾊﾞﾗﾝｽLow-E8+A12+強化8,1
ﾌﾛｰﾄ板ｶﾞﾗｽ厚さ6.0mm1800×295(SD-303他),透明フロート６㍉,透明フロート６㍉,1
ﾌﾛｰﾄ板ｶﾞﾗｽ厚さ15特寸9.09㎡以下,透明フロート１５㍉,透明フロート１５㍉,1
強化ｶﾞﾗｽ厚5150×1500ﾀﾍﾟｽﾄﾘｰ加工,フロスト熱処理ガラス５㍉※,フロスト熱処理ガラス５㍉※,1
ﾌﾞﾗｲﾝﾄﾞ内蔵ｶﾞﾗｽﾌﾛｰﾄ6+ﾌﾞﾗｲﾝﾄﾞ+ﾌﾛｰﾄ5987×1100,〈ﾌﾞﾗｲﾝﾄﾞ内蔵ｶﾞﾗｽFL6+ﾌﾞﾗｲﾝﾄﾞ+FL5〉,〈ﾌﾞﾗｲﾝﾄﾞ内蔵ｶﾞﾗｽFL6+ﾌﾞﾗｲﾝﾄﾞ+FL5〉,1
耐熱強化ｶﾞﾗｽ厚84.00㎡以下,ﾏｲﾎﾞｰｶ(透明ﾌﾛｰﾄ)８㍉,ﾏｲﾎﾞｰｶ(透明ﾌﾛｰﾄ)８㍉,1
複層ｶﾞﾗｽLowE8+A12+FL8特寸6.0㎡以下,ｻﾝﾊﾞﾗﾝｽLow-E8+A12+FL8,ｻﾝﾊﾞﾗﾝｽLow-E8+A12+FL8,1
Ｌｏｗ－Ｅ複層ガラスLow-E8+A6+TP82.00㎡以下,ｻﾝﾊﾞﾗﾝｽLow-E8+A6+強化8,ｻﾝﾊﾞﾗﾝｽLow-E8+A6+強化8,1
透明ﾌﾛｰﾄ板ｶﾞﾗｽt=152588×2800,透明フロート１５㍉,透明フロート１５㍉,1
ﾌﾛｰﾄｶﾞﾗｽt84.45m2以下,透明フロート８㍉,透明フロート８㍉,1
複層ｶﾞﾗｽLowE5+A12+FL5特寸2.0㎡以下,ｻﾝﾊﾞﾗﾝｽLow-E5+A12+FL5,ｻﾝﾊﾞﾗﾝｽLow-E5+A12+FL5,1
複層ガラスt30W1500×H4563FL8+A12+Low-E10,ｻﾝﾊﾞﾗﾝｽLow-E10+A12+FL8(L),ｻﾝﾊﾞﾗﾝｽLow-E10+A12+FL8(L),1
防蝕鏡厚5W400×H1150,ｻﾝﾐﾗｰﾃﾞﾗｯｸｽ５㍉･･･壁面／洗面,ｻﾝﾐﾗｰﾃﾞﾗｯｸｽ５㍉･･･壁面／洗面,1
強化合わせｶﾞﾗｽ厚10.0+8.0H=1000,ﾗﾐｾｰﾌｾｷｭﾘﾃｨｰ(60mil)強化8+強化10H1000,ﾗﾐｾｰﾌｾｷｭﾘﾃｨｰ(60mil)強化8+強化10H1050,0
強化ｶﾞﾗｽ厚126.00m2以下,ﾃﾝﾊﾟﾗｲﾄ(透明ﾌﾛｰﾄ)１２㍉,ﾃﾝﾊﾟﾗｲﾄ(透明ﾌﾛｰﾄ)１２㍉,1
ﾌﾛｰﾄ板ｶﾞﾗｽ厚さ6W100×H900,透明フロート６㍉,透明フロート６㍉,1
複層ｶﾞﾗｽLowE5+A12+FL5特寸6.0㎡以下,ｻﾝﾊﾞﾗﾝｽLow-E5+A12+FL5,ｻﾝﾊﾞﾗﾝｽLow-E5+A12+FL5,1
複層ｶﾞﾗｽﾌﾛ-ﾄt6+A6+ﾌﾛ-ﾄt62.0m2以下,ﾍﾟｱｶﾞﾗｽFL6+A6+FL6,ﾍﾟｱｶﾞﾗｽFL6+A6+FL6,1
透明ﾌﾛｰﾄ板ｶﾞﾗｽt=154.45㎡以下,透明フロート１５㍉,透明フロート１５㍉,1
強化ガラスt=6.04.00㎡以下,ﾃﾝﾊﾟﾗｲﾄ(透明ﾌﾛｰﾄ)６㍉,ﾃﾝﾊﾟﾗｲﾄ(透明ﾌﾛｰﾄ)６㍉,1
耐熱強化ｶﾞﾗｽ厚さ5.0mm平面2.00㎡以下,ﾏｲﾎﾞｰｶ(透明ﾌﾛｰﾄ)５㍉,ﾏｲﾎﾞｰｶ(透明ﾌﾛｰﾄ)５㍉,1
複層ｶﾞﾗｽﾌﾛｰﾄt8+A10+ﾌﾛｰﾄt8,ﾍﾟｱｶﾞﾗｽFL8+A10+FL8,ﾍﾟｱｶﾞﾗｽFL8+A10+FL8,1
合わせガラスﾌﾛｰﾄ5+ﾌﾛｰﾄ54.00㎡以下,ﾗﾐｾｰﾌｾｷｭﾘﾃｨｰ(30mil)FL5+FL5,ﾗﾐｾｰﾌｾｷｭﾘﾃｨｰ(30mil)FL5+FL5,1
鏡防湿鏡厚5,ｻﾝﾐﾗｰﾃﾞﾗｯｸｽ５㍉･･･壁面／洗面,ｻﾝﾐﾗｰﾃﾞﾗｯｸｽ５㍉･･･壁面／洗面,1
自動扉衝突防止柵強化ｶﾞﾗｽ厚8,ﾃﾝﾊﾟﾗｲﾄ(透明ﾌﾛｰﾄ)８㍉,ﾃﾝﾊﾟﾗｲﾄ(透明ﾌﾛｰﾄ)８㍉,1
Low-E複層ガラス厚22.04.00㎡以下Low-E6+A6+FL10,ｻﾝﾊﾞﾗﾝｽLow-E6+A6+FL10,ｻﾝﾊﾞﾗﾝｽLow-E6+A6+FL10,1
複層ｶﾞﾗｽLE6+A12+FL5特寸2.00㎡以下,ｻﾝﾊﾞﾗﾝｽLow-E6+A12+FL5,ｻﾝﾊﾞﾗﾝｽLow-E6+A12+FL5,1
強化ｶﾞﾗｽt10W2039.5×H3500,ﾃﾝﾊﾟﾗｲﾄ(透明ﾌﾛｰﾄ)１０㍉,ﾃﾝﾊﾟﾗｲﾄ(透明ﾌﾛｰﾄ)１０㍉,1
鏡t6W2595×H1700,サンミラー６㍉･･･壁面／洗面,サンミラー６㍉･･･壁面／洗面,1
化粧鏡300×600×厚5,サンミラー５㍉･･･壁面／洗面,サンミラー５㍉･･･壁面／洗面,1
耐熱強化ｶﾞﾗｽ厚さ5.0mm120×1800(SD-106'他),ﾏｲﾎﾞｰｶ(透明ﾌﾛｰﾄ)５㍉,ﾏｲﾎﾞｰｶ(透明ﾌﾛｰﾄ)５㍉,1
ﾌﾛｽﾄｶﾞﾗｽ厚さ4.0mm150×150,型板ガラス４㍉,型板ガラス４㍉,1
合わせｶﾞﾗｽﾌﾛ-ﾄt3+ﾌﾛ-ﾄt3W150×H1600,ﾗﾐｾｰﾌｾｷｭﾘﾃｨｰ(30mil)FL3+FL3,ﾗﾐｾｰﾌｾｷｭﾘﾃｨｰ(30mil)FL3+FL3,1
強化ガラスt124.0㎡以下,ﾃﾝﾊﾟﾗｲﾄ(透明ﾌﾛｰﾄ)１２㍉,ﾃﾝﾊﾟﾗｲﾄ(透明ﾌﾛｰﾄ)１２㍉,1
複層ガラスt32W1185×H3730FL10+A12+Low-E10,ｻﾝﾊﾞﾗﾝｽLow-E10+A12+FL10(L),ｻﾝﾊﾞﾗﾝｽLow-E10+A12+FL10(L),1
複層ｶﾞﾗｽﾌﾛｰﾄt10+A12+ﾌﾛｰﾄt64.0m2以下,ﾍﾟｱｶﾞﾗｽFL6+A12+FL10,ﾍﾟｱｶﾞﾗｽFL6+A12+FL10,1
ガラス手摺H1200斜部強化ｶﾞﾗｽt15,ﾃﾝﾊﾟﾗｲﾄ(透明ﾌﾛｰﾄ)１５㍉H1200斜部,ﾃﾝﾊﾟﾗｲﾄ(透明ﾌﾛｰﾄ)１５㍉H1200斜部,1
網入みがき板ｶﾞﾗｽ厚さ10W1585×H745,異形網入磨ガラス(ﾋｼ)１０㍉,異形網入磨ガラス(ﾋｼ)１０㍉,1
鏡t6W2595×H1700,サンミラー６㍉･･･壁面／洗面,サンミラー６㍉･･･壁面／洗面,1
強化ｶﾞﾗｽt10W2022×H3000,ﾃﾝﾊﾟﾗｲﾄ(透明ﾌﾛｰﾄ)１０㍉,ﾃﾝﾊﾟﾗｲﾄ(透明ﾌﾛｰﾄ)１０㍉,1
強化ガラスt=6.06.00㎡以下,ﾃﾝﾊﾟﾗｲﾄ(透明ﾌﾛｰﾄ)６㍉,ﾃﾝﾊﾟﾗｲﾄ(透明ﾌﾛｰﾄ)６㍉,1
LEaAW-e2複層ｶﾞﾗｽLowe8+A12+FL8異形900×3700(3.1m2),異形ｻﾝﾊﾞﾗﾝｽLow-E8+A12+FL8(L),異形ｻﾝﾊﾞﾗﾝｽLow-E8+A12+FL8,0
強化ｶﾞﾗｽ厚さ12.0mm平面2.00㎡以下,ﾃﾝﾊﾟﾗｲﾄ(透明ﾌﾛｰﾄ)１２㍉,ﾃﾝﾊﾟﾗｲﾄ(透明ﾌﾛｰﾄ)１２㍉,1
強化合せｶﾞﾗｽ強化t5+強化t50.8m2以下(ﾋｰﾄｿｰｸ処理),ﾗﾐｾｰﾌｾｷｭﾘﾃｨｰ(60mil)強化5+強化5,ﾗﾐｾｰﾌｾｷｭﾘﾃｨｰ(60mil)強化5+強化5,1
強化ガラス戸t10W850×H2000,ﾃﾝﾊﾟﾗｲﾄ(透明ﾌﾛｰﾄ)１０㍉,ﾃﾝﾊﾟﾗｲﾄ(透明ﾌﾛｰﾄ)１０㍉,1
LEaAW-e2複層ｶﾞﾗｽLowe8+A12+FL8異形900×5100(4.4m2),異形ｻﾝﾊﾞﾗﾝｽLow-E8+A12+FL8(L),異形ｻﾝﾊﾞﾗﾝｽLow-E8+A12+FL8,0
複層ｶﾞﾗｽLE6+A12+FL5特寸4.00㎡以下,ｻﾝﾊﾞﾗﾝｽLow-E6+A12+FL5,ｻﾝﾊﾞﾗﾝｽLow-E6+A12+FL5,1
化粧鏡W450×H900厚5.0防錆鏡,ｻﾝﾐﾗｰﾃﾞﾗｯｸｽ５㍉･･･壁面／洗面,ｻﾝﾐﾗｰﾃﾞﾗｯｸｽ５㍉･･･壁面／洗面,1
型板ｶﾞﾗｽ厚4150×150,型板ガラス４㍉,型板ガラス４㍉,1
複層ｶﾞﾗｽFL8+A12+FL8特寸4.0㎡以下,ﾍﾟｱｶﾞﾗｽFL8+A12+FL8,ﾍﾟｱｶﾞﾗｽFL8+A12+FL8,1
複層ガラスt244.0㎡以下FL6+A12+Low-E6,ｻﾝﾊﾞﾗﾝｽLow-E6+A12+FL6,ｻﾝﾊﾞﾗﾝｽLow-E6+A12+FL6,1
倍強度ｶﾞﾗｽ厚さ8㎜特寸6.0㎡以下,HSﾗｲﾄ(透明ﾌﾛｰﾄ)８㍉,HSﾗｲﾄ(透明ﾌﾛｰﾄ)８㍉,1
複層ｶﾞﾗｽLowE5+A12+FL52.00m2以下,ｻﾝﾊﾞﾗﾝｽLow-E5+A12+FL5,ｻﾝﾊﾞﾗﾝｽLow-E5+A12+FL5,1
強化ｶﾞﾗｽt8W1943×H3450,ﾃﾝﾊﾟﾗｲﾄ(透明ﾌﾛｰﾄ)８㍉,ﾃﾝﾊﾟﾗｲﾄ(透明ﾌﾛｰﾄ)８㍉,1
複層ｶﾞﾗｽLowE5+A12+FL54.00m2以下,ｻﾝﾊﾞﾗﾝｽLow-E5+A12+FL5,ｻﾝﾊﾞﾗﾝｽLow-E5+A12+FL5,1
複層ｶﾞﾗｽLE6+A12+HTG5特寸2.00㎡以下,ｻﾝﾊﾞﾗﾝｽLow-E6+A12+耐熱強化5,ｻﾝﾊﾞﾗﾝｽLow-E6+A12+耐熱強化5,1
複層ｶﾞﾗｽPSG6+A6+PSG62.00㎡以下,ﾍﾟｱｶﾞﾗｽFL6+A6+FL6,ﾍﾟｱｶﾞﾗｽFL6+A6+FL6,1
合わせｶﾞﾗｽﾌﾛ-ﾄt6+ﾌﾛ-ﾄt62.0m2以下,ﾗﾐｾｰﾌｾｷｭﾘﾃｨｰ(30mil)FL6+FL6,ﾗﾐｾｰﾌｾｷｭﾘﾃｨｰ(30mil)FL6+FL6,1
化粧鏡500×1000×厚5,サンミラー５㍉･･･壁面／洗面,サンミラー５㍉･･･壁面／洗面,1
Ｌｏｗ－Ｅ複層ガラスLow-E8+A12+FL82.00㎡以下,ｻﾝﾊﾞﾗﾝｽLow-E8+A12+FL8,ｻﾝﾊﾞﾗﾝｽLow-E8+A12+FL8,1
LEa複層ｶﾞﾗｽLowe6+A12+HRT82.00m2以下,ｻﾝﾊﾞﾗﾝｽLow-E6+A12+耐熱強化8,ｻﾝﾊﾞﾗﾝｽLow-E6+A12+耐熱強化8,1
Ｌｏｗ－Ｅ合わせ複層ガラスLow-E8+A12+(FL5+FL5)4.00㎡以下,ｻﾝﾊﾞﾗﾝｽｾｷｭﾘﾃｨｰLow-E8+A12+FL5+FL5(30ﾐﾙ),ｻﾝﾊﾞﾗﾝｽｾｷｭﾘﾃｨｰLow-E8+A12+FL5+FL5(30ﾐﾙ),1
型板ｶﾞﾗｽ厚さ6W100×H1800,型板ガラス６㍉,型板ガラス６㍉,1
複層ｶﾞﾗｽLowE8+A12+T82.00m2以下,ｻﾝﾊﾞﾗﾝｽLow-E8+A12+強化8,ｻﾝﾊﾞﾗﾝｽLow-E8+A12+強化8,1
複層ガラスt32W1500×H5015.8FL10+A12+Low-E10,ｻﾝﾊﾞﾗﾝｽLow-E10+A12+FL10(L),ｻﾝﾊﾞﾗﾝｽLow-E10+A12+FL10(L),1
ﾌﾛｰﾄ板ｶﾞﾗｽ厚さ5特寸4.45㎡以下,透明フロート５㍉,透明フロート５㍉,1
フロートガラスt64.45㎡以下,透明フロート６㍉,透明フロート６㍉,1
複層ｶﾞﾗｽ合(ﾌﾛｰﾄt6+乳白色中間膜+耐熱強化t8)+A10+LowEt12,ｻﾝﾊﾞﾗﾝｽｾｷｭﾘﾃｨｰLow-E12+A10+FL6+FR8(乳60),ｻﾝﾊﾞﾗﾝｽｾｷｭﾘﾃｨｰLow-E12+A10+FL6+FR8(乳60),1
網入みがき板ｶﾞﾗｽ厚さ10W2036×H1027.2,異形網入磨ガラス(ﾋｼ)１０㍉,異形網入磨ガラス(ﾋｼ)１０㍉,1
型板ｶﾞﾗｽ厚4100×800ﾀﾍﾟｽﾄﾘｰ加工,型板ガラス４㍉※,型板ガラス４㍉※,1
耐熱強化ｶﾞﾗｽ厚さ6.5mm平面2.00㎡以下,ﾏｲﾎﾞｰｶ(透明ﾌﾛｰﾄ)６.５㍉,ﾏｲﾎﾞｰｶ(透明ﾌﾛｰﾄ)６.５㍉,1
強化ガラス厚12.02.00㎡以下,ﾃﾝﾊﾟﾗｲﾄ(透明ﾌﾛｰﾄ)１２㍉,ﾃﾝﾊﾟﾗｲﾄ(透明ﾌﾛｰﾄ)１２㍉,1
防蝕鏡厚5W400×H1150,ｻﾝﾐﾗｰﾃﾞﾗｯｸｽ５㍉･･･壁面／洗面,ｻﾝﾐﾗｰﾃﾞﾗｯｸｽ５㍉･･･壁面／洗面,1
LEa複層ｶﾞﾗｽLowe6+A12+FL82.00m2以下,ｻﾝﾊﾞﾗﾝｽLow-E6+A12+FL8,ｻﾝﾊﾞﾗﾝｽLow-E6+A12+FL8,1
複層ｶﾞﾗｽLowE6+A12+FL66.00m2以下,ｻﾝﾊﾞﾗﾝｽLow-E6+A12+FL6,ｻﾝﾊﾞﾗﾝｽLow-E6+A12+FL6,1
化粧鏡W400×H1200厚5.0防錆鏡,ｻﾝﾐﾗｰﾃﾞﾗｯｸｽ５㍉･･･壁面／洗面,ｻﾝﾐﾗｰﾃﾞﾗｯｸｽ５㍉･･･壁面／洗面,1
Low-E複層ガラス厚26.02.00㎡以下Low-E8+A6+,ｻﾝﾊﾞﾗﾝｽｾｷｭﾘﾃｨｰLow-E8+A6+FL6+FL6(防音30),ｻﾝﾊﾞﾗﾝｽｾｷｭﾘﾃｨｰLow-E8+A6+FL6+FL6(防音30),1
複層ｶﾞﾗｽﾌﾛｰﾄt6+A12+網入型t6.82.0m2以下,ﾍﾟｱｶﾞﾗｽFW6.8+A12+FL6,ﾍﾟｱｶﾞﾗｽFW6.8+A12+FL6,1
合わせｶﾞﾗｽPSG5+PSG54.00㎡以下,ﾗﾐｾｰﾌｾｷｭﾘﾃｨｰ(30mil)FL5+FL5,ﾗﾐｾｰﾌｾｷｭﾘﾃｨｰ(30mil)FL5+FL5,1
ﾌﾛｰﾄｶﾞﾗｽt8,透明フロート８㍉,透明フロート８㍉,1
ガラススクリーン合せｶﾞﾗｽt6+6,ﾗﾐｾｰﾌｾｷｭﾘﾃｨｰ(30mil)FL6+FL6,ﾗﾐｾｰﾌｾｷｭﾘﾃｨｰ(30mil)FL6+FL6,1
ﾌﾛｰﾄ板ｶﾞﾗｽ厚さ8特寸6.81㎡以下,透明フロート８㍉,透明フロート８㍉,1
透明ﾌﾛｰﾄ板ｶﾞﾗｽt=194440×2800,透明フロート１９㍉,透明フロート１９㍉,1
耐熱ｶﾞﾗｽt6.52.00m2以下,ﾏｲﾎﾞｰｶ(透明ﾌﾛｰﾄ)６.５㍉,ﾏｲﾎﾞｰｶ(透明ﾌﾛｰﾄ)６.５㍉,1
複層ｶﾞﾗｽFL10+A12+FL12特寸10.0㎡以下,ﾍﾟｱｶﾞﾗｽFL10+A12+FL12,ﾍﾟｱｶﾞﾗｽFL10+A12+FL12,1
ガラス手摺H1200斜部強化ｶﾞﾗｽt15,ﾃﾝﾊﾟﾗｲﾄ(透明ﾌﾛｰﾄ)１５㍉H1200斜部,ﾃﾝﾊﾟﾗｲﾄ(透明ﾌﾛｰﾄ)１５㍉H1200斜部,1
ﾌﾞﾗｲﾝﾄﾞ内蔵ｶﾞﾗｽﾌﾛｰﾄ6+ﾌﾞﾗｲﾝﾄﾞ+ﾌﾛｰﾄ5842×1100,〈ﾌﾞﾗｲﾝﾄﾞ内蔵ｶﾞﾗｽFL6+ﾌﾞﾗｲﾝﾄﾞ+FL5〉,〈ﾌﾞﾗｲﾝﾄﾞ内蔵ｶﾞﾗｽFL6+ﾌﾞﾗｲﾝﾄﾞ+FL5〉,1
複層ガラスt234.0㎡以下FL5+A12+Low-E6,ｻﾝﾊﾞﾗﾝｽLow-E6+A12+FL5,ｻﾝﾊﾞﾗﾝｽLow-E6+A12+FL5,1
強化合わせｶﾞﾗｽ厚6+厚64.00m2以下,ﾗﾐｾｰﾌｾｷｭﾘﾃｨｰ(60mil)強化6+強化6,ﾗﾐｾｰﾌｾｷｭﾘﾃｨｰ(60mil)強化6+強化6,1
複層ｶﾞﾗｽFL6+A12+FL6特寸4.0㎡以下,ﾍﾟｱｶﾞﾗｽFL6+A12+FL6,ﾍﾟｱｶﾞﾗｽFL6+A12+FL6,1
複層ｶﾞﾗｽLE8+A12+FL8特寸4.00㎡以下,ｻﾝﾊﾞﾗﾝｽLow-E8+A12+FL8,ｻﾝﾊﾞﾗﾝｽLow-E8+A12+FL8,1
複層ｶﾞﾗｽLowE5+A12+FL5特寸4.0㎡以下,ｻﾝﾊﾞﾗﾝｽLow-E5+A12+FL5,ｻﾝﾊﾞﾗﾝｽLow-E5+A12+FL5,1
ﾌﾛｽﾄｶﾞﾗｽ厚さ4.0mm150×150,型板ガラス４㍉,型板ガラス４㍉,1
強化ｶﾞﾗｽ厚84.00m2以下,ﾃﾝﾊﾟﾗｲﾄ(透明ﾌﾛｰﾄ)８㍉,ﾃﾝﾊﾟﾗｲﾄ(透明ﾌﾛｰﾄ)８㍉,1
ｽﾃﾝﾄﾞｸﾞﾗｽｶﾊﾞｰ強化ｶﾞﾗｽ厚さ6㎜平面2.0㎡以下W630×H1805,ﾃﾝﾊﾟﾗｲﾄ(透明ﾌﾛｰﾄ)６㍉,ﾃﾝﾊﾟﾗｲﾄ(透明ﾌﾛｰﾄ)６㍉,1
強化合わせガラスTG10+TG12W760×H2215,ﾗﾐｾｰﾌｾｷｭﾘﾃｨｰ(60mil)強化10+強化12,ﾗﾐｾｰﾌｾｷｭﾘﾃｨｰ(60mil)強化10+強化12,1
自動扉衝突防止柵強化ｶﾞﾗｽ厚8,ﾃﾝﾊﾟﾗｲﾄ(透明ﾌﾛｰﾄ)８㍉,ﾃﾝﾊﾟﾗｲﾄ(透明ﾌﾛｰﾄ)８㍉,1
合せガラス厚12.04.00㎡以下FL6+FL6,ﾗﾐｾｰﾌｾｷｭﾘﾃｨｰ(30mil)FL6+FL6,ﾗﾐｾｰﾌｾｷｭﾘﾃｨｰ(30mil)FL6+FL6,1
フロート板ガラス厚8.02.18㎡以下,透明フロート８㍉,透明フロート８㍉,1
合わせｶﾞﾗｽFL12(6+6)平面4.0㎡以下,ﾗﾐｾｰﾌｾｷｭﾘﾃｨｰ(30mil)FL6+FL6,ﾗﾐｾｰﾌｾｷｭﾘﾃｨｰ(30mil)FL6+FL6,1
LEaAW-e2複層ｶﾞﾗｽLowe8+A12+FL8異形720×2900(2.1m2),異形ｻﾝﾊﾞﾗﾝｽLow-E8+A12+FL8,異形ｻﾝﾊﾞﾗﾝｽLow-E8+A12+FL8,1
複層ｶﾞﾗｽLowE6+A12+FL6特寸4.0㎡以下,ｻﾝﾊﾞﾗﾝｽLow-E6+A12+FL6,ｻﾝﾊﾞﾗﾝｽLow-E6+A12+FL6,1
LEa複層ｶﾞﾗｽLowe6+A12+FL84.00m2以下,ｻﾝﾊﾞﾗﾝｽLow-E6+A12+FL8,ｻﾝﾊﾞﾗﾝｽLow-E6+A12+FL8,1
鏡t6W2496×H1700,サンミラー６㍉･･･壁面／洗面,サンミラー６㍉･･･壁面／洗面,1
LEaAD-1複層ｶﾞﾗｽLowe10+A12+FL122827.5×2310,ｻﾝﾊﾞﾗﾝｽLow-E10+A12+FL12,ｻﾝﾊﾞﾗﾝｽLow-E10+A12+FL12,1
ﾌﾛｰﾄｶﾞﾗｽt6,透明フロート６㍉,透明フロート６㍉,1
強化ｶﾞﾗｽ厚さ6㎜平面4.0㎡以下,ﾃﾝﾊﾟﾗｲﾄ(透明ﾌﾛｰﾄ)６㍉,ﾃﾝﾊﾟﾗｲﾄ(透明ﾌﾛｰﾄ)６㍉,1
耐熱ガラスt8W1522×H1018,ﾏｲﾎﾞｰｶ(透明ﾌﾛｰﾄ)８㍉,ﾏｲﾎﾞｰｶ(透明ﾌﾛｰﾄ)８㍉,1
型板ｶﾞﾗｽ厚4100×200,型板ガラス４㍉,型板ガラス４㍉,1
化粧鏡t5.0W1855.5×H900,サンミラー５㍉･･･壁面／洗面,サンミラー５㍉･･･壁面／洗面,1
複層ｶﾞﾗｽLowE8+A12+FL102.00m2以下,ｻﾝﾊﾞﾗﾝｽLow-E8+A12+FL10,ｻﾝﾊﾞﾗﾝｽLow-E8+A12+FL10,1
LEaAW-e2複層ｶﾞﾗｽLowe8+A12+FL8異形695×3200(2.0m2),異形ｻﾝﾊﾞﾗﾝｽLow-E8+A12+FL8,異形ｻﾝﾊﾞﾗﾝｽLow-E8+A12+FL8,1
透明ﾌﾛｰﾄ板ｶﾞﾗｽt=153269×2800,透明フロート１５㍉,透明フロート１５㍉,1
姿見鏡W450×H2100厚5.0防錆鏡,ｻﾝﾐﾗｰﾃﾞﾗｯｸｽ５㍉･･･壁面／洗面,ｻﾝﾐﾗｰﾃﾞﾗｯｸｽ５㍉･･･壁面／洗面,1
強化ｶﾞﾗｽ厚さ8㎜平面6.0㎡以下,ﾃﾝﾊﾟﾗｲﾄ(透明ﾌﾛｰﾄ)８㍉,ﾃﾝﾊﾟﾗｲﾄ(透明ﾌﾛｰﾄ)８㍉,1
複層ｶﾞﾗｽFL10+A12+FL10特寸6.0㎡以下,ﾍﾟｱｶﾞﾗｽFL10+A12+FL10,ﾍﾟｱｶﾞﾗｽFL10+A12+FL10,1
網入みがき板ｶﾞﾗｽ厚さ10W2350×H1027.2,異形網入磨ガラス(ﾋｼ)１０㍉,異形網入磨ガラス(ﾋｼ)１０㍉,1
Ｌｏｗ－Ｅ複層ガラスLow-E6+A6+TP82.00㎡以下,ｻﾝﾊﾞﾗﾝｽLow-E6+A6+強化8,ｻﾝﾊﾞﾗﾝｽLow-E6+A6+強化8,1
複層ｶﾞﾗｽLE6+A12+FL5特寸2.00㎡以下,ｻﾝﾊﾞﾗﾝｽLow-E6+A12+FL5,ｻﾝﾊﾞﾗﾝｽLow-E6+A12+FL5,1
郵便受覗き窓:FL-5W250×H100,透明フロート５㍉（ｶﾞﾗｽのみ）,透明フロート５㍉（ｶﾞﾗｽのみ）,1
フロート板ガラス厚8.02.18㎡以下,透明フロート８㍉,透明フロート８㍉,1
複層ｶﾞﾗｽﾌﾛｰﾄt8+A10+ﾌﾛｰﾄt8,ﾍﾟｱｶﾞﾗｽFL8+A10+FL8,ﾍﾟｱｶﾞﾗｽFL8+A10+FL8,1
網入型板ｶﾞﾗｽ厚6.82.18㎡以下,網入型板ガラス６．８㍉,網入型板ガラス６．８㍉,1
化粧鏡t5.0W2368×H1000,サンミラー５㍉･･･壁面／洗面,サンミラー５㍉･･･壁面／洗面,1
2連引違ｶﾞﾗｽ戸ﾌﾛｰﾄ厚52000×600,透明フロート５㍉,透明フロート５㍉,1
複層ガラスt32W1200×H3730FL10+A12+Low-E10,ｻﾝﾊﾞﾗﾝｽLow-E10+A12+FL10(L),ｻﾝﾊﾞﾗﾝｽLow-E10+A12+FL10(L),1
Low-E複層ガラス厚22.04.00㎡以下Low-E6+A6+FL10,ｻﾝﾊﾞﾗﾝｽLow-E6+A6+FL10,ｻﾝﾊﾞﾗﾝｽLow-E6+A6+FL10,1
型板ｶﾞﾗｽ厚さ6W150×H1800,型板ガラス６㍉,型板ガラス６㍉,1
透明ﾌﾛｰﾄ板ｶﾞﾗｽt=153345×2800,透明フロート１５㍉,透明フロート１５㍉,1
合わせｶﾞﾗｽ強化t8+強化t8,ﾗﾐｾｰﾌｾｷｭﾘﾃｨｰ(60mil)強化8+強化8,ﾗﾐｾｰﾌｾｷｭﾘﾃｨｰ(60mil)強化8+強化8,1
網入透明板ｶﾞﾗｽt=6.82.18㎡以下,網入磨ガラス６．８㍉,網入磨ガラス６．８㍉,1
強化ｶﾞﾗｽt8W1995×H3450,ﾃﾝﾊﾟﾗｲﾄ(透明ﾌﾛｰﾄ)８㍉,ﾃﾝﾊﾟﾗｲﾄ(透明ﾌﾛｰﾄ)８㍉,1
合わせｶﾞﾗｽ強化t8+強化t8,ﾗﾐｾｰﾌｾｷｭﾘﾃｨｰ(60mil)強化8+強化8,ﾗﾐｾｰﾌｾｷｭﾘﾃｨｰ(60mil)強化8+強化8,1
フロートガラスt5W40xH1700,透明フロート５㍉,透明フロート５㍉,1
化粧鏡t5.0W2861.5×H1000,ｻﾝﾐﾗｰ５㍉壁面／洗面分割前提,ｻﾝﾐﾗｰ５㍉壁面／洗面分割前提,1
防湿鏡厚5W400×H1100ｽﾃﾝﾚｽ枠厚2.0曲加工,ｻﾝﾐﾗｰﾃﾞﾗｯｸｽ５㍉･･･壁面／洗面,ｻﾝﾐﾗｰﾃﾞﾗｯｸｽ５㍉･･･壁面／洗面,1
3F共用ｴﾘｱ1他化粧鏡防湿鏡t=6φ450日本板硝子ﾊｲﾐﾗｰDXⅡ同等品,異形ｻﾝﾐﾗｰﾃﾞﾗｯｸｽ６㍉･･･壁面／洗面,異形ｻﾝﾐﾗｰﾃﾞﾗｯｸｽ６㍉･･･壁面／洗面,1
透明ﾌﾛｰﾄ板ｶﾞﾗｽt=154440×1735,透明フロート１５㍉,透明フロート１５㍉,1
合わせｶﾞﾗｽPSG8+PSG84.00㎡以下,ﾗﾐｾｰﾌｾｷｭﾘﾃｨｰ(30mil)FL8+FL8,ﾗﾐｾｰﾌｾｷｭﾘﾃｨｰ(30mil)FL8+FL8,1
強化合わせガラスTG6+TG64.00㎡以下,ﾗﾐｾｰﾌｾｷｭﾘﾃｨｰ(60mil)強化6+強化6,ﾗﾐｾｰﾌｾｷｭﾘﾃｨｰ(60mil)強化6+強化6,1
鏡t6W1073×H1700,サンミラー６㍉･･･壁面／洗面,サンミラー６㍉･･･壁面／洗面,1
ﾌﾛｽﾄｶﾞﾗｽ厚さ4.0mm150×150(SD-202他),型板ガラス４㍉,型板ガラス４㍉,1
複層ｶﾞﾗｽﾌﾛ-ﾄt6+A6+ﾌﾛ-ﾄt62.0m2以下,ﾍﾟｱｶﾞﾗｽFL6+A6+FL6,ﾍﾟｱｶﾞﾗｽFL6+A6+FL6,1
網入みがき板ｶﾞﾗｽ厚さ10W1250×H1990,異形網入磨ガラス(ﾋｼ)１０㍉,異形網入磨ガラス(ﾋｼ)１０㍉,1
ﾌﾛｰﾄ板ｶﾞﾗｽ厚52.18㎡以下,透明フロート５㍉,透明フロート５㍉,1
フロートガラスt124.45㎡以下,透明フロート１２㍉,透明フロート１２㍉,1
強化ｶﾞﾗｽ厚さ12.0mm平面4.00㎡以下,ﾃﾝﾊﾟﾗｲﾄ(透明ﾌﾛｰﾄ)１２㍉,ﾃﾝﾊﾟﾗｲﾄ(透明ﾌﾛｰﾄ)１２㍉,1
フロートガラスt126.81㎡以下,透明フロート１２㍉,透明フロート１２㍉,1
複層ｶﾞﾗｽPSG6+A6+PSG62.00㎡以下,ﾍﾟｱｶﾞﾗｽFL6+A6+FL6,ﾍﾟｱｶﾞﾗｽFL6+A6+FL6,1
強化ｶﾞﾗｽ厚126.00m2以下,ﾃﾝﾊﾟﾗｲﾄ(透明ﾌﾛｰﾄ)１２㍉,ﾃﾝﾊﾟﾗｲﾄ(透明ﾌﾛｰﾄ)１２㍉,1
ﾌﾛｰﾄ板ｶﾞﾗｽ厚3100×200,透明フロート３㍉,透明フロート３㍉,1
合わせｶﾞﾗｽﾌﾛ-ﾄt5+ﾌﾛ-ﾄt56.0m2以下,ﾗﾐｾｰﾌｾｷｭﾘﾃｨｰ(30mil)FL5+FL5,ﾗﾐｾｰﾌｾｷｭﾘﾃｨｰ(30mil)FL5+FL5,1
ﾌﾛｽﾄｶﾞﾗｽ厚さ4.0mm150×150,型板ガラス４㍉,型板ガラス４㍉,1
耐熱ガラスt5W1060×H2400,ﾏｲﾎﾞｰｶ(透明ﾌﾛｰﾄ)５㍉,ﾏｲﾎﾞｰｶ(透明ﾌﾛｰﾄ)５㍉,1
強化ｶﾞﾗｽ厚124.00m2以下,ﾃﾝﾊﾟﾗｲﾄ(透明ﾌﾛｰﾄ)１２㍉,ﾃﾝﾊﾟﾗｲﾄ(透明ﾌﾛｰﾄ)１２㍉,1
合わせｶﾞﾗｽPSG8+PSG82.00㎡以下,ﾗﾐｾｰﾌｾｷｭﾘﾃｨｰ(30mil)FL8+FL8,ﾗﾐｾｰﾌｾｷｭﾘﾃｨｰ(30mil)FL8+FL8,1
Ｌｏｗ－Ｅ複層ガラスLow-E6+A12+FL54.00㎡以下,ｻﾝﾊﾞﾗﾝｽLow-E6+A12+FL5,ｻﾝﾊﾞﾗﾝｽLow-E6+A12+FL5,1
強化合わせガラスTG10+TG124.00㎡以下,ﾗﾐｾｰﾌｾｷｭﾘﾃｨｰ(60mil)強化10+強化12,ﾗﾐｾｰﾌｾｷｭﾘﾃｨｰ(60mil)強化10+強化12,1
合わせｶﾞﾗｽPSG5+PSG54.00㎡以下,ﾗﾐｾｰﾌｾｷｭﾘﾃｨｰ(30mil)FL5+FL5,ﾗﾐｾｰﾌｾｷｭﾘﾃｨｰ(30mil)FL5+FL5,1
複層ｶﾞﾗｽﾌﾛｰﾄt6+A12+ﾌﾛｰﾄt54.0m2以下,ﾍﾟｱｶﾞﾗｽFL5+A12+FL6,ﾍﾟｱｶﾞﾗｽFL5+A12+FL6,1
複層ガラスt162.0㎡以下FL5+A6+FL5,ﾍﾟｱｶﾞﾗｽFL5+A6+FL5,ﾍﾟｱｶﾞﾗｽFL5+A6+FL5,1
複層ｶﾞﾗｽFL6+A12+FL64.00m2以下,ﾍﾟｱｶﾞﾗｽFL6+A12+FL6,ﾍﾟｱｶﾞﾗｽFL6+A12+FL6,1
複層ｶﾞﾗｽLE6+A12+FL5特寸2.00㎡以下,ｻﾝﾊﾞﾗﾝｽLow-E6+A12+FL5,ｻﾝﾊﾞﾗﾝｽLow-E6+A12+FL5,1
合わせｶﾞﾗｽﾌﾛ-ﾄt6+ﾌﾛ-ﾄt62.0m2以下,ﾗﾐｾｰﾌｾｷｭﾘﾃｨｰ(30mil)FL6+FL6,ﾗﾐｾｰﾌｾｷｭﾘﾃｨｰ(30mil)FL6+FL6,1
自動扉衝突防止柵強化ｶﾞﾗｽ厚8,ﾃﾝﾊﾟﾗｲﾄ(透明ﾌﾛｰﾄ)８㍉,ﾃﾝﾊﾟﾗｲﾄ(透明ﾌﾛｰﾄ)８㍉,1
合わせｶﾞﾗｽPSG8+PSG82.00㎡以下,ﾗﾐｾｰﾌｾｷｭﾘﾃｨｰ(30mil)FL8+FL8,ﾗﾐｾｰﾌｾｷｭﾘﾃｨｰ(30mil)FL8+FL8,1
Ｌｏｗ－Ｅ複層ガラスLow-ETP8+A12+TP82.00㎡以下,ｻﾝﾊﾞﾗﾝｽLow-E強化8+A12+強化8,ｻﾝﾊﾞﾗﾝｽLow-E強化8+A12+強化8,1
複層ｶﾞﾗｽLowE4+A12+FL42.00m2以下,ｻﾝﾊﾞﾗﾝｽLow-E4+A12+FL4,ｻﾝﾊﾞﾗﾝｽLow-E4+A12+FL4,1
LEaAW-e2複層ｶﾞﾗｽLowe8+A12+FL8異形900×3200(2.8m2),異形ｻﾝﾊﾞﾗﾝｽLow-E8+A12+FL8,異形ｻﾝﾊﾞﾗﾝｽLow-E8+A12+FL8,1
ﾌﾛｰﾄｶﾞﾗｽt5W1600×H1100,透明フロート５㍉,透明フロート５㍉,1
合わせｶﾞﾗｽFL16(8+8)平面2.0㎡以下,ﾗﾐｾｰﾌｾｷｭﾘﾃｨｰ(30mil)FL8+FL8,ﾗﾐｾｰﾌｾｷｭﾘﾃｨｰ(30mil)FL8+FL8,1
強化ｶﾞﾗｽt8W1943×H3450,ﾃﾝﾊﾟﾗｲﾄ(透明ﾌﾛｰﾄ)８㍉,ﾃﾝﾊﾟﾗｲﾄ(透明ﾌﾛｰﾄ)８㍉,1
ﾌﾛｰﾄｶﾞﾗｽ厚54.45m2以下,透明フロート５㍉,透明フロート５㍉,1
姿見鏡厚6W400×H2375,サンミラー６㍉･･･壁面／洗面,サンミラー６㍉･･･壁面／洗面,1
網入みがき板ｶﾞﾗｽ厚さ10W1094×H1027.2,異形網入磨ガラス(ﾋｼ)１０㍉,異形網入磨ガラス(ﾋｼ)１０㍉,1
強化ｶﾞﾗｽt8W1875×H3450,ﾃﾝﾊﾟﾗｲﾄ(透明ﾌﾛｰﾄ)８㍉,ﾃﾝﾊﾟﾗｲﾄ(透明ﾌﾛｰﾄ)８㍉,1
ﾌﾛｰﾄ板ｶﾞﾗｽ厚さ6.0mm特寸2.18㎡以下,透明フロート６㍉,透明フロート６㍉,1
耐熱ガラスt8W1520×H3100,ﾏｲﾎﾞｰｶ(透明ﾌﾛｰﾄ)８㍉,ﾏｲﾎﾞｰｶ(透明ﾌﾛｰﾄ)８㍉,1
合わせｶﾞﾗｽFL16(8+8)平面6.0㎡以下,ﾗﾐｾｰﾌｾｷｭﾘﾃｨｰ(30mil)FL8+FL8,ﾗﾐｾｰﾌｾｷｭﾘﾃｨｰ(30mil)FL8+FL8,1
複層ｶﾞﾗｽFL5+A12+FL54.0㎡以下,ﾍﾟｱｶﾞﾗｽFL5+A12+FL5,ﾍﾟｱｶﾞﾗｽFL5+A12+FL5,1
化粧鏡500×1000×厚5,サンミラー５㍉･･･壁面／洗面,サンミラー５㍉･･･壁面／洗面,1
複層ｶﾞﾗｽﾌﾛｰﾄt6+A10+LowEt5,ｻﾝﾊﾞﾗﾝｽLow-E5+A10+FL6,ｻﾝﾊﾞﾗﾝｽLow-E5+A10+FL6,1
化粧鏡厚6W1700×H500ｺｰﾅｰR加工,異形サンミラー６㍉･･･壁面／洗面,異形サンミラー６㍉･･･壁面／洗面,1
ﾌﾛｰﾄ板ｶﾞﾗｽ厚さ15特寸9.09㎡以下,透明フロート１５㍉,透明フロート１５㍉,1
強化合せｶﾞﾗｽ強化t5+強化t50.8m2以下(ﾋｰﾄｿｰｸ処理),ﾗﾐｾｰﾌｾｷｭﾘﾃｨｰ(60mil)強化5+強化5,ﾗﾐｾｰﾌｾｷｭﾘﾃｨｰ(60mil)強化5+強化5,1
Low-E複層ガラス厚22.02.00㎡以下Low-E6+A6+,ｻﾝﾊﾞﾗﾝｽｾｷｭﾘﾃｨｰLow-E6+A6+FL5+FL5(防音30),ｻﾝﾊﾞﾗﾝｽｾｷｭﾘﾃｨｰLow-E6+A6+FL5+FL5(防音30),1
複層ガラスt30W1500×H4876FL8+A12+Low-E10,ｻﾝﾊﾞﾗﾝｽLow-E10+A12+FL8(L),ｻﾝﾊﾞﾗﾝｽLow-E10+A12+FL8(L),1
合わせｶﾞﾗｽﾌﾛ-ﾄt3+ﾌﾛ-ﾄt3W100×H100,ﾗﾐｾｰﾌｾｷｭﾘﾃｨｰ(30mil)FL3+FL3,ﾗﾐｾｰﾌｾｷｭﾘﾃｨｰ(30mil)FL3+FL3,1
ｽﾃﾝﾄﾞｸﾞﾗｽｶﾊﾞｰ強化ｶﾞﾗｽ厚さ6㎜平面2.0㎡以下W630×H1365,ﾃﾝﾊﾟﾗｲﾄ(透明ﾌﾛｰﾄ)６㍉,ﾃﾝﾊﾟﾗｲﾄ(透明ﾌﾛｰﾄ)６㍉,1
網入みがき板ｶﾞﾗｽ厚さ10W500×H790,異形網入磨ガラス(ﾋｼ)１０㍉,異形網入磨ガラス(ﾋｼ)１０㍉,1
合せガラス厚8.02.00㎡以下T4+T4,ﾗﾐｾｰﾌｾｷｭﾘﾃｨｰ(60mil)強化4+強化4,ﾗﾐｾｰﾌｾｷｭﾘﾃｨｰ(60mil)強化4+強化4,1
強化ｶﾞﾗｽ厚さ4W100×H1700,ﾃﾝﾊﾟﾗｲﾄ(透明ﾌﾛｰﾄ)４㍉,ﾃﾝﾊﾟﾗｲﾄ(透明ﾌﾛｰﾄ)４㍉,1
ﾌﾛｰﾄ板ｶﾞﾗｽ厚さ15特寸4.45㎡以下,透明フロート１５㍉,透明フロート１５㍉,1
Low-E複層ガラス厚28.04.00㎡以下Low-E6+A12+,ｻﾝﾊﾞﾗﾝｽｾｷｭﾘﾃｨｰLow-E6+A12+FL5+FL5(防音30),ｻﾝﾊﾞﾗﾝｽｾｷｭﾘﾃｨｰLow-E6+A12+FL5+FL5(防音30),1
複層ガラスt364.0㎡以下FL12+A12+Low-E12,ｻﾝﾊﾞﾗﾝｽLow-E12+A12+FL12,ｻﾝﾊﾞﾗﾝｽLow-E12+A12+FL12,1
ﾌﾛｰﾄｶﾞﾗｽt82.18m2以下,透明フロート８㍉,透明フロート８㍉,1
ｽﾃﾝﾄﾞｸﾞﾗｽｶﾊﾞｰ強化ｶﾞﾗｽ厚さ6㎜平面2.0㎡以下W630×H1265,ﾃﾝﾊﾟﾗｲﾄ(透明ﾌﾛｰﾄ)６㍉,ﾃﾝﾊﾟﾗｲﾄ(透明ﾌﾛｰﾄ)６㍉,1
複層ｶﾞﾗｽ網入型t6.8+A12+防犯合(ﾌﾛｰﾄt3+t3),ﾍﾟｱｶﾞﾗｽｾｷｭﾘﾃｨｰFL3+FL3(30ﾐﾙ)+A12+FW6.8,ﾍﾟｱｶﾞﾗｽｾｷｭﾘﾃｨｰFL3+FL3(30ﾐﾙ)+A12+FW6.8,1
強化ｶﾞﾗｽ厚さ12.0mm平面4.00㎡以下,ﾃﾝﾊﾟﾗｲﾄ(透明ﾌﾛｰﾄ)１２㍉,ﾃﾝﾊﾟﾗｲﾄ(透明ﾌﾛｰﾄ)１２㍉,1
複層ガラスt282.0㎡以下FL8+A12+Low-E8,ｻﾝﾊﾞﾗﾝｽLow-E8+A12+FL8,ｻﾝﾊﾞﾗﾝｽLow-E8+A12+FL8,1
LEa複層ｶﾞﾗｽLowe6+A12+FL66.00m2以下,ｻﾝﾊﾞﾗﾝｽLow-E6+A12+FL6,ｻﾝﾊﾞﾗﾝｽLow-E6+A12+FL6,1
透明ﾌﾛｰﾄ板ｶﾞﾗｽt=153681×2800,透明フロート１５㍉,透明フロート１５㍉,1
複層ｶﾞﾗｽTG8+A12+TG8特寸4.0㎡以下,ﾍﾟｱｶﾞﾗｽ強化8+A12+強化8,ﾍﾟｱｶﾞﾗｽ強化8+A12+強化8,1
フロートガラスt=6.02.18㎡以下,透明フロート６㍉,透明フロート６㍉,1
複層ｶﾞﾗｽ合(ﾌﾛｰﾄt6+耐熱強化t8)+A10+LowEt12,ｻﾝﾊﾞﾗﾝｽｾｷｭﾘﾃｨｰLow-E12+A10+FL6+FR8(60),ｻﾝﾊﾞﾗﾝｽｾｷｭﾘﾃｨｰLow-E12+A10+FL6+FR8(60),1
合せガラス厚8.02.00㎡以下T4+T4,ﾗﾐｾｰﾌｾｷｭﾘﾃｨｰ(60mil)強化4+強化4,ﾗﾐｾｰﾌｾｷｭﾘﾃｨｰ(60mil)強化4+強化4,1
耐熱強化ｶﾞﾗｽ厚さ6.5mm平面2.00㎡以下,ﾏｲﾎﾞｰｶ(透明ﾌﾛｰﾄ)６.５㍉,ﾏｲﾎﾞｰｶ(透明ﾌﾛｰﾄ)６.５㍉,1
LEaAW-e2複層ｶﾞﾗｽLowe8+A12+FL8異形900×3900(3.3m2),異形ｻﾝﾊﾞﾗﾝｽLow-E8+A12+FL8(L),異形ｻﾝﾊﾞﾗﾝｽLow-E8+A12+FL8,0
複層ｶﾞﾗｽLowE8+A12+FL8特寸2.0㎡以下,ｻﾝﾊﾞﾗﾝｽLow-E8+A12+FL8,ｻﾝﾊﾞﾗﾝｽLow-E8+A12+FL8,1
鏡t6W2602×H1700,サンミラー６㍉･･･壁面／洗面,サンミラー６㍉･･･壁面／洗面,1
強化ｶﾞﾗｽt84.00m2以下,ﾃﾝﾊﾟﾗｲﾄ(透明ﾌﾛｰﾄ)８㍉,ﾃﾝﾊﾟﾗｲﾄ(透明ﾌﾛｰﾄ)８㍉,1
合わせｶﾞﾗｽ耐熱強化t8+強化t8,ﾗﾐｾｰﾌｾｷｭﾘﾃｨｰ(60mil)耐熱強化8+強化8,ﾗﾐｾｰﾌｾｷｭﾘﾃｨｰ(60mil)耐熱強化8+強化8,1
複層ガラスt242.00㎡以下C6+A12+C6,ﾍﾟｱｶﾞﾗｽFL6+A12+FL6,ﾍﾟｱｶﾞﾗｽFL6+A12+FL6,1
耐熱ガラスt8W1520×H3100,ﾏｲﾎﾞｰｶ(透明ﾌﾛｰﾄ)８㍉,ﾏｲﾎﾞｰｶ(透明ﾌﾛｰﾄ)８㍉,1
ﾌﾛｰﾄｶﾞﾗｽ厚5340×869,透明フロート５㍉,透明フロート５㍉,1
フロートガラスt104.45㎡以下,透明フロート１０㍉,透明フロート１０㍉,1
強化ｶﾞﾗｽ厚12ﾉﾝｽﾘｯﾌﾟ加工1500×900,〈強化12ﾐﾘ1500×900(ﾉﾝｽﾘｯﾌﾟ加工)1枚〉,〈強化12ﾐﾘ1500×900(ﾉﾝｽﾘｯﾌﾟ加工)1枚〉,1
透明ﾌﾛｰﾄ板ｶﾞﾗｽt=153400×2800,透明フロート１５㍉,透明フロート１５㍉,1
化粧鏡厚5.0W450×H1100,サンミラー５㍉･･･壁面／洗面,サンミラー５㍉･･･壁面／洗面,1
化粧鏡厚6W500×H500ｺｰﾅｰR加工,異形サンミラー６㍉･･･壁面／洗面,異形サンミラー６㍉･･･壁面／洗面,1
ガラスパーティションﾌﾛｰﾄｶﾞﾗｽt10,透明フロート１０㍉,透明フロート１０㍉,1
ﾌﾛｰﾄ板ｶﾞﾗｽ厚さ6特寸4.45㎡以下,透明フロート６㍉,透明フロート６㍉,1
透明ﾌﾛｰﾄ板ｶﾞﾗｽt=153463×2800,透明フロート１５㍉,透明フロート１５㍉,1
複層ｶﾞﾗｽLowE8+A12+T86.00m2以下,ｻﾝﾊﾞﾗﾝｽLow-E8+A12+強化8,ｻﾝﾊﾞﾗﾝｽLow-E8+A12+強化8,1
ﾌﾛｰﾄｶﾞﾗｽ厚86.81m2以下,透明フロート８㍉,透明フロート８㍉,1
化粧鏡t=6枠:ｽﾃﾝﾚｽHLFB-3×25,サンミラー６㍉･･･壁面／洗面,サンミラー６㍉･･･壁面／洗面,1
網入みがき板ｶﾞﾗｽ厚さ10特寸2.18㎡以下,網入磨ガラス(ﾋｼ)１０㍉,網入磨ガラス(ﾋｼ)１０㍉,1
鏡t6W2300×H1500,サンミラー６㍉･･･壁面／洗面,サンミラー６㍉･･･壁面／洗面,1
鏡t6W2602×H1700,サンミラー６㍉･･･壁面／洗面,サンミラー６㍉･･･壁面／洗面,1
複層ガラスt32W1375×H3730FL10+A12+Low-E10,ｻﾝﾊﾞﾗﾝｽLow-E10+A12+FL10(L),ｻﾝﾊﾞﾗﾝｽLow-E10+A12+FL10(L),1
引違ｶﾞﾗｽ戸ﾌﾛｰﾄ厚5800×600,透明フロート５㍉,透明フロート５㍉,1
耐熱強化ｶﾞﾗｽ厚さ5.0mm2400×1400欠け:2400×860÷2(SW-607),ﾏｲﾎﾞｰｶ(透明ﾌﾛｰﾄ)５㍉,ﾏｲﾎﾞｰｶ(透明ﾌﾛｰﾄ)５㍉,1
複層ｶﾞﾗｽﾌﾛｰﾄt10+A10+LowEt8,ｻﾝﾊﾞﾗﾝｽLow-E8+A10+FL10,ｻﾝﾊﾞﾗﾝｽLow-E8+A10+FL10,1
ﾌﾛｰﾄ板ｶﾞﾗｽ厚3100×200,透明フロート３㍉,透明フロート３㍉,1
透明ﾌﾛｰﾄ板ｶﾞﾗｽt=153345×2800,透明フロート１５㍉,透明フロート１５㍉,1
複層ｶﾞﾗｽﾌﾛ-ﾄt6+A6+ﾌﾛ-ﾄt62.0m2以下,ﾍﾟｱｶﾞﾗｽFL6+A6+FL6,ﾍﾟｱｶﾞﾗｽFL6+A6+FL6,1
ﾌﾛｰﾄｶﾞﾗｽt82.18m2以下,透明フロート８㍉,透明フロート８㍉,1
強化合わせガラスTG8+TG84.00㎡以下,ﾗﾐｾｰﾌｾｷｭﾘﾃｨｰ(60mil)強化8+強化8,ﾗﾐｾｰﾌｾｷｭﾘﾃｨｰ(60mil)強化8+強化8,1
強化合わせガラスTG8+TG84.00㎡以下,ﾗﾐｾｰﾌｾｷｭﾘﾃｨｰ(60mil)強化8+強化8,ﾗﾐｾｰﾌｾｷｭﾘﾃｨｰ(60mil)強化8+強化8,1
化粧鏡W300×H1150厚5.0防錆鏡,ｻﾝﾐﾗｰﾃﾞﾗｯｸｽ５㍉･･･壁面／洗面,ｻﾝﾐﾗｰﾃﾞﾗｯｸｽ５㍉･･･壁面／洗面,1
ﾌﾛｰﾄｶﾞﾗｽt8W150×H1800,透明フロート８㍉,透明フロート８㍉,1
透明ﾌﾛｰﾄ板ｶﾞﾗｽt=152588×2800,透明フロート１５㍉,透明フロート１５㍉,1
ﾌﾛｽﾄｶﾞﾗｽ厚さ15.0mm特寸4.45㎡以下,フロストグラス（プレーン）１５㍉,フロストグラス（プレーン）１５㍉,1
複層ｶﾞﾗｽﾌﾛｰﾄt8+A12+ﾌﾛｰﾄt64.0m2以下,ﾍﾟｱｶﾞﾗｽFL6+A12+FL8,ﾍﾟｱｶﾞﾗｽFL6+A12+FL8,1
化粧鏡W400×H600厚5.0防錆鏡,ｻﾝﾐﾗｰﾃﾞﾗｯｸｽ５㍉･･･壁面／洗面,ｻﾝﾐﾗｰﾃﾞﾗｯｸｽ５㍉･･･壁面／洗面,1
ﾌﾛｰﾄ板ｶﾞﾗｽ厚さ6.0mm特寸2.18㎡以下,透明フロート６㍉,透明フロート６㍉,1
強化ガラス厚12.02.00㎡以下,ﾃﾝﾊﾟﾗｲﾄ(透明ﾌﾛｰﾄ)１２㍉,ﾃﾝﾊﾟﾗｲﾄ(透明ﾌﾛｰﾄ)１２㍉,1
複層ｶﾞﾗｽﾌﾛｰﾄt12+A12+ﾌﾛｰﾄt82.0m2以下,ﾍﾟｱｶﾞﾗｽFL8+A12+FL12,ﾍﾟｱｶﾞﾗｽFL8+A12+FL12,1
ﾌﾛｰﾄｶﾞﾗｽt124.45m2以下,透明フロート１２㍉,透明フロート１２㍉,1
強化ｶﾞﾗｽt106.00m2以下,ﾃﾝﾊﾟﾗｲﾄ(透明ﾌﾛｰﾄ)１０㍉,ﾃﾝﾊﾟﾗｲﾄ(透明ﾌﾛｰﾄ)１０㍉,1
強化合わせガラスTG10+TG126.00㎡以上,ﾗﾐｾｰﾌｾｷｭﾘﾃｨｰ(60mil)強化10+強化12,ﾗﾐｾｰﾌｾｷｭﾘﾃｨｰ(60mil)強化10+強化12,1
複層ガラスt22W1130×H3548.6FL8+A6+FL8,ﾍﾟｱｶﾞﾗｽFL8+A6+FL8(L),ﾍﾟｱｶﾞﾗｽFL8+A6+FL8(L),1
ﾌﾛｰﾄ板ｶﾞﾗｽ厚52.18㎡以下,透明フロート５㍉,透明フロート５㍉,1
ｽﾃﾝﾄﾞｸﾞﾗｽｶﾊﾞｰ強化ｶﾞﾗｽ厚さ6㎜平面2.0㎡以下W630×H1075,ﾃﾝﾊﾟﾗｲﾄ(透明ﾌﾛｰﾄ)６㍉,ﾃﾝﾊﾟﾗｲﾄ(透明ﾌﾛｰﾄ)６㍉,1
複層ｶﾞﾗｽFL5+A6+FL52.00m2以下,ﾍﾟｱｶﾞﾗｽFL5+A6+FL5,ﾍﾟｱｶﾞﾗｽFL5+A6+FL5,1
鏡t6W2543×H1700,サンミラー６㍉･･･壁面／洗面,サンミラー６㍉･･･壁面／洗面,1
耐熱ガラスt6.5W1375×H2050,ﾏｲﾎﾞｰｶ(透明ﾌﾛｰﾄ)６.５㍉,ﾏｲﾎﾞｰｶ(透明ﾌﾛｰﾄ)６.５㍉,1
化粧鏡W300×H450厚5.0防錆鏡,ｻﾝﾐﾗｰﾃﾞﾗｯｸｽ５㍉･･･壁面／洗面,ｻﾝﾐﾗｰﾃﾞﾗｯｸｽ５㍉･･･壁面／洗面,1
合わせｶﾞﾗｽ強化t8+強化t8,ﾗﾐｾｰﾌｾｷｭﾘﾃｨｰ(60mil)強化8+強化8,ﾗﾐｾｰﾌｾｷｭﾘﾃｨｰ(60mil)強化8+強化8,1
ﾌﾛｰﾄ板ｶﾞﾗｽ厚さ8特寸4.45㎡以下,透明フロート８㍉,透明フロート８㍉,1
倍強度ガラスt=6.02.00㎡以下ｾﾗﾐｯｸﾌﾟﾘﾝﾄ,セラプリライト６㍉＜指定柄＞,セラプリライト６㍉＜指定柄＞,1
強化ガラスt=6.02.00㎡以下,ﾃﾝﾊﾟﾗｲﾄ(透明ﾌﾛｰﾄ)６㍉,ﾃﾝﾊﾟﾗｲﾄ(透明ﾌﾛｰﾄ)６㍉,1
フロート板ガラス厚6.0W100×H950,透明フロート６㍉,透明フロート６㍉,1
耐熱強化ｶﾞﾗｽt82.00m2以下,ﾏｲﾎﾞｰｶ(透明ﾌﾛｰﾄ)８㍉,ﾏｲﾎﾞｰｶ(透明ﾌﾛｰﾄ)８㍉,1
化粧鏡t5.0W1701.5×H1000,サンミラー５㍉･･･壁面／洗面,サンミラー５㍉･･･壁面／洗面,1
強化ガラスt=12.04.00㎡以下防護柵用,ﾃﾝﾊﾟﾗｲﾄ(透明ﾌﾛｰﾄ)１２㍉,ﾃﾝﾊﾟﾗｲﾄ(透明ﾌﾛｰﾄ)１２㍉,1
ﾌﾛｰﾄ板ｶﾞﾗｽ厚さ12特寸4.45㎡以下,透明フロート１２㍉,透明フロート１２㍉,1
Low-E複層ガラス厚22.02.00㎡以下Low-E6+A6+,ｻﾝﾊﾞﾗﾝｽｾｷｭﾘﾃｨｰLow-E6+A6+FL5+FL5(防音30),ｻﾝﾊﾞﾗﾝｽｾｷｭﾘﾃｨｰLow-E6+A6+FL5+FL5(防音30),1
化粧鏡L1800×H1000,サンミラー５㍉･･･壁面／洗面,サンミラー５㍉･･･壁面／洗面,1
複層ガラスt24W1565×H3630FL8+A6+FL10,ﾍﾟｱｶﾞﾗｽFL8+A6+FL10(L),ﾍﾟｱｶﾞﾗｽFL8+A6+FL10(L),1
合わせｶﾞﾗｽ強化ｶﾞﾗｽ厚12+121500×900,ﾗﾐｾｰﾌｾｷｭﾘﾃｨｰ(60mil)強化12+強化12,ﾗﾐｾｰﾌｾｷｭﾘﾃｨｰ(60mil)強化12+強化12,1
フロートガラスt64.45㎡以下,透明フロート６㍉,透明フロート６㍉,1
フロートガラスt84.45㎡以下,透明フロート８㍉,透明フロート８㍉,1
複層ガラスt26W1500×H3450FL6+A12+Low-E8,ｻﾝﾊﾞﾗﾝｽLow-E8+A12+FL6,ｻﾝﾊﾞﾗﾝｽLow-E8+A12+FL6,1
合わせｶﾞﾗｽﾌﾛ-ﾄt3+ﾌﾛ-ﾄt3W100×H1350,ﾗﾐｾｰﾌｾｷｭﾘﾃｨｰ(30mil)FL3+FL3,ﾗﾐｾｰﾌｾｷｭﾘﾃｨｰ(30mil)FL3+FL3,1
複層ｶﾞﾗｽT8+A8+T82.00m2以下,ﾍﾟｱｶﾞﾗｽ強化8+A8+強化8,ﾍﾟｱｶﾞﾗｽ強化8+A8+強化8,1
ﾌﾞﾗｲﾝﾄﾞ内蔵ｶﾞﾗｽﾌﾛｰﾄ6+ﾌﾞﾗｲﾝﾄﾞ+ﾌﾛｰﾄ5780×1100,〈ﾌﾞﾗｲﾝﾄﾞ内蔵ｶﾞﾗｽFL6+ﾌﾞﾗｲﾝﾄﾞ+FL5〉,〈ﾌﾞﾗｲﾝﾄﾞ内蔵ｶﾞﾗｽFL6+ﾌﾞﾗｲﾝﾄﾞ+FL5〉,1
Ｌｏｗ－Ｅ合わせ複層ガラスLow-E8+A6+(FL5+FL5),ｻﾝﾊﾞﾗﾝｽｾｷｭﾘﾃｨｰLow-E8+A6+FL5+FL5(30ﾐﾙ),ｻﾝﾊﾞﾗﾝｽｾｷｭﾘﾃｨｰLow-E8+A6+FL6+HS6(SG60)※,0
強化ｶﾞﾗｽt106.00m2以下,ﾃﾝﾊﾟﾗｲﾄ(透明ﾌﾛｰﾄ)１０㍉,ﾃﾝﾊﾟﾗｲﾄ(透明ﾌﾛｰﾄ)１０㍉,1
複層ｶﾞﾗｽ合(ﾌﾛｰﾄt6+乳白色中間膜+耐熱強化t8)+A10+LowEt12,ｻﾝﾊﾞﾗﾝｽｾｷｭﾘﾃｨｰLow-E12+A10+FL6+FR8(乳60),ｻﾝﾊﾞﾗﾝｽｾｷｭﾘﾃｨｰLow-E12+A10+FL6+FR8(乳60),1
免震装置用鏡防湿鏡:厚6W900×H900,ｻﾝﾐﾗｰﾃﾞﾗｯｸｽ６㍉･･･壁面／洗面,ｻﾝﾐﾗｰﾃﾞﾗｯｸｽ６㍉･･･壁面／洗面,1
複層ｶﾞﾗｽLowE6+A12+FL66.00m2以下,ｻﾝﾊﾞﾗﾝｽLow-E6+A12+FL6,ｻﾝﾊﾞﾗﾝｽLow-E6+A12+FL6,1
防犯合わせﾌｧｲﾔｰｶﾞﾗｽt5+t4180×1600,カラーラミセーフFL4+FR5(乳60),カラーラミセーフFL4+FR5(乳60),1
強化合わせガラスTG6+TG64.00㎡以下,ﾗﾐｾｰﾌｾｷｭﾘﾃｨｰ(60mil)強化6+強化6,ﾗﾐｾｰﾌｾｷｭﾘﾃｨｰ(60mil)強化6+強化6,1
ﾌﾛｰﾄｶﾞﾗｽt104.45m2以下,透明フロート１０㍉,透明フロート１０㍉,1
フロートガラスt62.18㎡以下,透明フロート６㍉,透明フロート６㍉,1
ﾌﾛｰﾄ板ｶﾞﾗｽ厚32.18㎡以下,透明フロート３㍉,透明フロート３㍉,1
ﾌﾛｰﾄ板ｶﾞﾗｽ厚さ8.0mm特寸2.18㎡以下,透明フロート８㍉,透明フロート８㍉,1
ﾌﾛｰﾄ合せｶﾞﾗｽ厚さ12+12H900,ﾗﾐｾｰﾌｾｷｭﾘﾃｨｰ(30mil)FL12+FL12H900,ﾗﾐｾｰﾌｾｷｭﾘﾃｨｰ(30mil)FL12+FL12H900,1
ﾌﾛｰﾄｶﾞﾗｽt5W1400×H500,透明フロート５㍉,透明フロート５㍉,1
複層ｶﾞﾗｽFTP5+A12+FL52.0㎡以下,ﾏｲﾎﾞｰｶﾍﾟｱ耐熱強化5+A12+FL5,ﾏｲﾎﾞｰｶﾍﾟｱ耐熱強化5+A12+FL5,1
ｶﾞﾗｽ手摺H1200平部強化ｶﾞﾗｽt15,ﾃﾝﾊﾟﾗｲﾄ(透明ﾌﾛｰﾄ)15㍉H1200(ｶﾞﾗｽのみ),ﾃﾝﾊﾟﾗｲﾄ(透明ﾌﾛｰﾄ)15㍉H1200(ｶﾞﾗｽのみ),1
耐熱強化ｶﾞﾗｽt102.00m2以下,ﾏｲﾎﾞｰｶ(透明ﾌﾛｰﾄ)１０㍉,ﾏｲﾎﾞｰｶ(透明ﾌﾛｰﾄ)１０㍉,1
耐熱強化ｶﾞﾗｽ厚82.00㎡以下,ﾏｲﾎﾞｰｶ(透明ﾌﾛｰﾄ)８㍉,ﾏｲﾎﾞｰｶ(透明ﾌﾛｰﾄ)８㍉,1
Low-E複層ガラス厚32.02.00㎡以下Low-E8+A12+,ｻﾝﾊﾞﾗﾝｽｾｷｭﾘﾃｨｰLow-E8+A12+FL6+FL6(防音30),ｻﾝﾊﾞﾗﾝｽｾｷｭﾘﾃｨｰLow-E8+A12+FL6+FL6(防音30),1
鏡t6W2500×H1500,サンミラー６㍉･･･壁面／洗面,サンミラー６㍉･･･壁面／洗面,1
ﾌﾛｰﾄ板ｶﾞﾗｽ厚さ5特寸2.18㎡以下,透明フロート５㍉,透明フロート５㍉,1
強化ｶﾞﾗｽ厚62.00m2以下,ﾃﾝﾊﾟﾗｲﾄ(透明ﾌﾛｰﾄ)６㍉,ﾃﾝﾊﾟﾗｲﾄ(透明ﾌﾛｰﾄ)６㍉,1
鏡張りW2750×H2400,ｻﾝﾐﾗｰ５㍉壁面／洗面分割前提,ｻﾝﾐﾗｰ５㍉壁面／洗面分割前提,1
合わせｶﾞﾗｽﾌﾛ-ﾄt3+ﾌﾛ-ﾄt3W100×H1350,ﾗﾐｾｰﾌｾｷｭﾘﾃｨｰ(30mil)FL3+FL3,ﾗﾐｾｰﾌｾｷｭﾘﾃｨｰ(30mil)FL3+FL3,1
複層ｶﾞﾗｽLE6+A12+FL5特寸4.00㎡以下,ｻﾝﾊﾞﾗﾝｽLow-E6+A12+FL5,ｻﾝﾊﾞﾗﾝｽLow-E6+A12+FL5,1
合わせｶﾞﾗｽFL16(8+8)平面4.0㎡以下,ﾗﾐｾｰﾌｾｷｭﾘﾃｨｰ(30mil)FL8+FL8,ﾗﾐｾｰﾌｾｷｭﾘﾃｨｰ(30mil)FL8+FL8,1
複層ｶﾞﾗｽLowE8+A12+FL8特寸4.0㎡以下,ｻﾝﾊﾞﾗﾝｽLow-E8+A12+FL8,ｻﾝﾊﾞﾗﾝｽLow-E8+A12+FL8,1
化粧鏡t5.0W1863×H900,サンミラー５㍉･･･壁面／洗面,サンミラー５㍉･･･壁面／洗面,1
姿見鏡W450×H2100厚5.0防錆鏡,ｻﾝﾐﾗｰﾃﾞﾗｯｸｽ５㍉･･･壁面／洗面,ｻﾝﾐﾗｰﾃﾞﾗｯｸｽ５㍉･･･壁面／洗面,1
ﾌﾛｰﾄ板ｶﾞﾗｽ厚さ15特寸4.45㎡以下,透明フロート１５㍉,透明フロート１５㍉,1
ﾌﾛｰﾄｶﾞﾗｽt52.18m2以下,透明フロート５㍉,透明フロート５㍉,1
複層ｶﾞﾗｽLE8+A12+HS8特寸2.00㎡以下,ｻﾝﾊﾞﾗﾝｽLow-E8+A12+HS8,ｻﾝﾊﾞﾗﾝｽLow-E8+A12+HS8,1
Low-E複層ガラス厚28.04.00㎡以下Low-E6+A12+,ｻﾝﾊﾞﾗﾝｽｾｷｭﾘﾃｨｰLow-E6+A12+FL5+FL5(防音30),ｻﾝﾊﾞﾗﾝｽｾｷｭﾘﾃｨｰLow-E6+A12+FL5+FL5(防音30),1
強化ｶﾞﾗｽ厚62.00㎡以下,ﾃﾝﾊﾟﾗｲﾄ(透明ﾌﾛｰﾄ)６㍉,ﾃﾝﾊﾟﾗｲﾄ(透明ﾌﾛｰﾄ)６㍉,1
複層ガラスt326.0㎡以下FL10+A12+Low-E10,ｻﾝﾊﾞﾗﾝｽLow-E10+A12+FL10,ｻﾝﾊﾞﾗﾝｽLow-E10+A12+FL10,1
透明ﾌﾛｰﾄ板ｶﾞﾗｽt=154440×1735,透明フロート１５㍉,透明フロート１５㍉,1
複層ｶﾞﾗｽLowE10+A12+FL124.00m2以下,ｻﾝﾊﾞﾗﾝｽLow-E10+A12+FL12,ｻﾝﾊﾞﾗﾝｽLow-E10+A12+FL12,1
複層ｶﾞﾗｽﾌﾛｰﾄt6+A10+LowEt5,ｻﾝﾊﾞﾗﾝｽLow-E5+A10+FL6,ｻﾝﾊﾞﾗﾝｽLow-E5+A10+FL6,1
合わせｶﾞﾗｽFL12(6+6)平面4.0㎡以下,ﾗﾐｾｰﾌｾｷｭﾘﾃｨｰ(30mil)FL6+FL6,ﾗﾐｾｰﾌｾｷｭﾘﾃｨｰ(30mil)FL6+FL6,1
ﾌﾞﾗｲﾝﾄﾞ内蔵ｶﾞﾗｽﾌﾛｰﾄ6+ﾌﾞﾗｲﾝﾄﾞ+ﾌﾛｰﾄ5987×1100,〈ﾌﾞﾗｲﾝﾄﾞ内蔵ｶﾞﾗｽFL6+ﾌﾞﾗｲﾝﾄﾞ+FL5〉,〈ﾌﾞﾗｲﾝﾄﾞ内蔵ｶﾞﾗｽFL6+ﾌﾞﾗｲﾝﾄﾞ+FL5〉,1
防護柵強化ガラスt=10W700×H500取付金物:ｽﾃﾝﾚｽHL32φ,ﾃﾝﾊﾟﾗｲﾄ(透明ﾌﾛｰﾄ)１０㍉（ｶﾞﾗｽのみ）,ﾃﾝﾊﾟﾗｲﾄ(透明ﾌﾛｰﾄ)１０㍉（ｶﾞﾗｽのみ）,1
強化ｶﾞﾗｽ厚さ8㎜平面6.0㎡以下,ﾃﾝﾊﾟﾗｲﾄ(透明ﾌﾛｰﾄ)８㍉,ﾃﾝﾊﾟﾗｲﾄ(透明ﾌﾛｰﾄ)８㍉,1
強化ｶﾞﾗｽt102.0m2以下(ﾋｰﾄｿｰｸ処理),ﾃﾝﾊﾟﾗｲﾄ(透明ﾌﾛｰﾄ)１０㍉,ﾃﾝﾊﾟﾗｲﾄ(透明ﾌﾛｰﾄ)１０㍉,1
防煙垂壁網入り磨き板ｶﾞﾗｽt6.8,網(線)入りｶﾞﾗｽ6.8ﾐﾘ,網(線)入りｶﾞﾗｽ6.8ﾐﾘ,1
合わせガラスFL10+FL102.00㎡以下,ﾗﾐｾｰﾌｾｷｭﾘﾃｨｰ(30mil)FL10+FL10,ﾗﾐｾｰﾌｾｷｭﾘﾃｨｰ(30mil)FL10+FL10,1
LEa複層ｶﾞﾗｽLowe6+A12+HRT84.00m2以下,ｻﾝﾊﾞﾗﾝｽLow-E6+A12+耐熱強化8,ｻﾝﾊﾞﾗﾝｽLow-E6+A12+耐熱強化8,1
透明ﾌﾛｰﾄ板ｶﾞﾗｽt=192779×2800,透明フロート１９㍉,透明フロート１９㍉,1
ｶﾞﾗｽ手摺平部W500×H1200強化合わせｶﾞﾗｽt15+12,ﾗﾐｾｰﾌｾｷｭﾘﾃｨｰ(60mil)強化12+強化15,ﾗﾐｾｰﾌｾｷｭﾘﾃｨｰ(60mil)強化12+強化15,1
強化ｶﾞﾗｽ厚さ12.0mm平面6.00㎡以下,ﾃﾝﾊﾟﾗｲﾄ(透明ﾌﾛｰﾄ)１２㍉,ﾃﾝﾊﾟﾗｲﾄ(透明ﾌﾛｰﾄ)１２㍉,1
Ｌｏｗ－Ｅ合わせ複層ガラスLow-E8+A6+(FL6+CP･HS6),ｻﾝﾊﾞﾗﾝｽｾｷｭﾘﾃｨｰLow-E8+A6+FL6+HS6(SG60)※,ｻﾝﾊﾞﾗﾝｽｾｷｭﾘﾃｨｰLow-E8+A6+FL6+HS6(SG60)※,1
複層ｶﾞﾗｽLowE12+A12+FL154.00m2以下,ｻﾝﾊﾞﾗﾝｽLow-E12+A12+FL15,ｻﾝﾊﾞﾗﾝｽLow-E12+A12+FL15,1
合わせｶﾞﾗｽﾌﾛ-ﾄt3+ﾌﾛ-ﾄt3W300×H1500,ﾗﾐｾｰﾌｾｷｭﾘﾃｨｰ(30mil)FL3+FL3,ﾗﾐｾｰﾌｾｷｭﾘﾃｨｰ(30mil)FL3+FL3,1
複層ｶﾞﾗｽ合(ﾌﾛｰﾄt6+乳白色中間膜+耐熱強化t8)+A10+LowEt12,ｻﾝﾊﾞﾗﾝｽｾｷｭﾘﾃｨｰLow-E12+A10+FL6+FR8(乳60),ｻﾝﾊﾞﾗﾝｽｾｷｭﾘﾃｨｰLow-E12+A10+FL6+FR8(乳60),1
化粧鏡t5.0W2731.5×H1000,ｻﾝﾐﾗｰ５㍉壁面／洗面分割前提,ｻﾝﾐﾗｰ５㍉壁面／洗面分割前提,1
合せガラス厚16.02.00㎡以下T8+T8,ﾗﾐｾｰﾌｾｷｭﾘﾃｨｰ(60mil)強化8+強化8,ﾗﾐｾｰﾌｾｷｭﾘﾃｨｰ(60mil)強化8+強化8,1
大型鏡ｽﾃﾝﾚｽW2000×H2000,〈ｽﾃﾝﾚｽ製W2000×H20001枚〉,〈ｽﾃﾝﾚｽ製W2000×H20001枚〉,1
複層ｶﾞﾗｽFL10+A12+FL102.00m2以下,ﾍﾟｱｶﾞﾗｽFL10+A12+FL10,ﾍﾟｱｶﾞﾗｽFL10+A12+FL10,1
ガラススクリーンW15000×H2000強化合わせｶﾞﾗｽt=8+8,ﾗﾐｾｰﾌｾｷｭﾘﾃｨｰ(60mil)強化8+強化8,ﾗﾐｾｰﾌｾｷｭﾘﾃｨｰ(60mil)強化8+強化8,1
ﾌﾛｰﾄ板ｶﾞﾗｽ厚さ6.0mm900×295(SD-301),透明フロート６㍉,透明フロート６㍉,1
化粧鏡360×1700×厚5,サンミラー５㍉･･･壁面／洗面,サンミラー５㍉･･･壁面／洗面,1
型板ｶﾞﾗｽt4W150×H150,型板ガラス４㍉,型板ガラス４㍉,1
ﾌﾛｰﾄ板ｶﾞﾗｽ厚さ12.0mm特寸2.18㎡以下,透明フロート１２㍉,透明フロート１２㍉,1
AD-1強化ｶﾞﾗｽ厚5150×2310,ﾃﾝﾊﾟﾗｲﾄ(透明ﾌﾛｰﾄ)５㍉,ﾃﾝﾊﾟﾗｲﾄ(透明ﾌﾛｰﾄ)５㍉,1
透明ﾌﾛｰﾄ板ｶﾞﾗｽt=153681×2800,透明フロート１５㍉,透明フロート１５㍉,1
強化型板ｶﾞﾗｽW850×H2600厚8.0,フロスト熱処理ガラス８㍉,フロスト熱処理ガラス８㍉,1
複層ｶﾞﾗｽLowE6+A12+FL6特寸6.0㎡以下,ｻﾝﾊﾞﾗﾝｽLow-E6+A12+FL6,ｻﾝﾊﾞﾗﾝｽLow-E6+A12+FL6,1
ﾌﾞﾗｲﾝﾄﾞ内蔵ｶﾞﾗｽﾌﾛｰﾄ6+ﾌﾞﾗｲﾝﾄﾞ+ﾌﾛｰﾄ5780×1100,〈ﾌﾞﾗｲﾝﾄﾞ内蔵ｶﾞﾗｽFL6+ﾌﾞﾗｲﾝﾄﾞ+FL5〉,〈ﾌﾞﾗｲﾝﾄﾞ内蔵ｶﾞﾗｽFL6+ﾌﾞﾗｲﾝﾄﾞ+FL5〉,1
複層ｶﾞﾗｽLowE8+A12+FL8特寸6.0㎡以下,ｻﾝﾊﾞﾗﾝｽLow-E8+A12+FL8,ｻﾝﾊﾞﾗﾝｽLow-E8+A12+FL8,1
合わせガラスPWG10+FL82.00㎡以下,ﾗﾐｾｰﾌｾｷｭﾘﾃｨｰ(30mil)PW10+FL8,ﾗﾐｾｰﾌｾｷｭﾘﾃｨｰ(30mil)PW10+FL8,1
強化ガラスt102.0㎡以下,ﾃﾝﾊﾟﾗｲﾄ(透明ﾌﾛｰﾄ)１０㍉,ﾃﾝﾊﾟﾗｲﾄ(透明ﾌﾛｰﾄ)１０㍉,1
複層ｶﾞﾗｽﾌﾛｰﾄt8+A10+LowEt8,ｻﾝﾊﾞﾗﾝｽLow-E8+A10+FL8,ｻﾝﾊﾞﾗﾝｽLow-E8+A10+FL8,1
耐熱ガラスt5W1000×H2200,ﾏｲﾎﾞｰｶ(透明ﾌﾛｰﾄ)５㍉,ﾏｲﾎﾞｰｶ(透明ﾌﾛｰﾄ)５㍉,1
ﾌﾛｰﾄｶﾞﾗｽt6,透明フロート６㍉,透明フロート６㍉,1
Ｌｏｗ－Ｅ複層ガラスLow-E6+A12+TP84.00㎡以下,ｻﾝﾊﾞﾗﾝｽLow-E6+A12+強化8,ｻﾝﾊﾞﾗﾝｽLow-E6+A12+強化8,1
LEa複層ｶﾞﾗｽLowe6+A12+FL82.00m2以下,ｻﾝﾊﾞﾗﾝｽLow-E6+A12+FL8,ｻﾝﾊﾞﾗﾝｽLow-E6+A12+FL8,1
ｶﾞﾗｽ手摺平部高さ1350強化合せｶﾞﾗｽ厚12+12,ﾗﾐｾｰﾌｾｷｭﾘﾃｨｰ(60mil)強化12+強化12H1350,ﾗﾐｾｰﾌｾｷｭﾘﾃｨｰ(60mil)強化12+強化12H1350,1
ﾌﾛｰﾄ板ｶﾞﾗｽ厚さ10特寸6.81㎡以下,透明フロート１０㍉,透明フロート１０㍉,1
フロート板ガラスt62.18㎡以下,透明フロート６㍉,透明フロート６㍉,1
Ｌｏｗ－Ｅ複層ガラスLow-E6+A12+FL52.00㎡以下,ｻﾝﾊﾞﾗﾝｽLow-E6+A12+FL5,ｻﾝﾊﾞﾗﾝｽLow-E6+A12+FL5,1
1FEVﾎｰﾙ1防護柵強化ガラスt=10W850×H500取付金物:ｽﾃﾝﾚｽHL32φ,ﾃﾝﾊﾟﾗｲﾄ(透明ﾌﾛｰﾄ)１０㍉（ｶﾞﾗｽのみ）,ﾃﾝﾊﾟﾗｲﾄ(透明ﾌﾛｰﾄ)１０㍉（ｶﾞﾗｽのみ）,1
合わせｶﾞﾗｽ網入磨t6.8+ﾌﾛ-ﾄt62.0m2以下,ﾗﾐｾｰﾌｾｷｭﾘﾃｨｰ(30mil)PW6.8+FL6,ﾗﾐｾｰﾌｾｷｭﾘﾃｨｰ(30mil)PW6.8+FL6,1
強化合わせガラスTG6+TG62.00㎡以下,ﾗﾐｾｰﾌｾｷｭﾘﾃｨｰ(60mil)強化6+強化6,ﾗﾐｾｰﾌｾｷｭﾘﾃｨｰ(60mil)強化6+強化6,1
ﾌﾛｰﾄｶﾞﾗｽt5W1150×H900,透明フロート５㍉,透明フロート５㍉,1
鏡t6W1073×H1700,サンミラー６㍉･･･壁面／洗面,サンミラー６㍉･･･壁面／洗面,1
ガラスＥＶ柵強化ｶﾞﾗｽt8,ﾃﾝﾊﾟﾗｲﾄ(透明ﾌﾛｰﾄ)８㍉,ﾃﾝﾊﾟﾗｲﾄ(透明ﾌﾛｰﾄ)８㍉,1
化粧鏡450×1000×厚5,サンミラー５㍉･･･壁面／洗面,サンミラー５㍉･･･壁面／洗面,1
強化ｶﾞﾗｽ厚さ12.0mm平面6.00㎡以下,ﾃﾝﾊﾟﾗｲﾄ(透明ﾌﾛｰﾄ)１２㍉,ﾃﾝﾊﾟﾗｲﾄ(透明ﾌﾛｰﾄ)１２㍉,1
複層ｶﾞﾗｽLowE5+A12+FL54.00m2以下,ｻﾝﾊﾞﾗﾝｽLow-E5+A12+FL5,ｻﾝﾊﾞﾗﾝｽLow-E5+A12+FL5,1
型板ｶﾞﾗｽ厚4200×100ﾀﾍﾟｽﾄﾘｰ加工,型板ガラス４㍉※,型板ガラス４㍉※,1
複層ｶﾞﾗｽFL10+A12+FL10特寸6.0㎡以下,ﾍﾟｱｶﾞﾗｽFL10+A12+FL10,ﾍﾟｱｶﾞﾗｽFL10+A12+FL10,1
ガラス手摺ＡH1800持ち出しﾀｲﾌﾟﾌﾛｰﾄｶﾞﾗｽt15,透明フロート１５㍉H1800,透明フロート１５㍉H1800,1
複層ｶﾞﾗｽFL10+A12+FL104.00m2以下,ﾍﾟｱｶﾞﾗｽFL10+A12+FL10,ﾍﾟｱｶﾞﾗｽFL10+A12+FL10,1
フロート板ガラス厚8.02.18㎡以下,透明フロート８㍉,透明フロート８㍉,1
ﾌﾞﾗｲﾝﾄﾞ内蔵ｶﾞﾗｽﾌﾛｰﾄ6+ﾌﾞﾗｲﾝﾄﾞ+ﾌﾛｰﾄ5900×1100,〈ﾌﾞﾗｲﾝﾄﾞ内蔵ｶﾞﾗｽFL6+ﾌﾞﾗｲﾝﾄﾞ+FL5〉,〈ﾌﾞﾗｲﾝﾄﾞ内蔵ｶﾞﾗｽFL6+ﾌﾞﾗｲﾝﾄﾞ+FL5〉,1
ﾌﾛｰﾄｶﾞﾗｽ厚5340×869,透明フロート５㍉,透明フロート５㍉,1
防湿鏡厚5W400×H1100ｽﾃﾝﾚｽ枠厚2.0曲加工,ｻﾝﾐﾗｰﾃﾞﾗｯｸｽ５㍉･･･壁面／洗面,ｻﾝﾐﾗｰﾃﾞﾗｯｸｽ５㍉･･･壁面／洗面,1
複層ｶﾞﾗｽ合(ﾌﾛｰﾄt6+乳白色中間膜+耐熱強化t8)+A10+LowEt12,ｻﾝﾊﾞﾗﾝｽｾｷｭﾘﾃｨｰLow-E12+A10+FL6+FR8(乳60),ｻﾝﾊﾞﾗﾝｽｾｷｭﾘﾃｨｰLow-E12+A10+FL6+FR8(乳60),1
すり板ガラスt=5.0W100×H100,すり板ガラス５㍉,すり板ガラス５㍉,1
化粧鏡L1500×H1000,サンミラー５㍉･･･壁面／洗面,サンミラー５㍉･･･壁面／洗面,1
網入磨き板ガラスt=102.18㎡以下,網入磨ガラス(ﾋｼ)１０㍉,網入磨ガラス(ﾋｼ)１０㍉,1
複層ｶﾞﾗｽLowE6+A12+FL64.00m2以下,ｻﾝﾊﾞﾗﾝｽLow-E6+A12+FL6,ｻﾝﾊﾞﾗﾝｽLow-E6+A12+FL6,1
LEa複層ｶﾞﾗｽLowe10+A12+FL104.00m2以下,ｻﾝﾊﾞﾗﾝｽLow-E10+A12+FL10,ｻﾝﾊﾞﾗﾝｽLow-E10+A12+FL10,1
合わせガラスﾌﾛｰﾄ5+ﾌﾛｰﾄ54.00㎡以下,ﾗﾐｾｰﾌｾｷｭﾘﾃｨｰ(30mil)FL5+FL5,ﾗﾐｾｰﾌｾｷｭﾘﾃｨｰ(30mil)FL5+FL5,1
複層ｶﾞﾗｽﾌﾛｰﾄt8+A10+LowEt8,ｻﾝﾊﾞﾗﾝｽLow-E8+A10+FL8,ｻﾝﾊﾞﾗﾝｽLow-E8+A10+FL8,1
ｽﾃﾝﾄﾞｸﾞﾗｽｶﾊﾞｰ強化ｶﾞﾗｽ厚さ6㎜平面2.0㎡以下W630×H1745,ﾃﾝﾊﾟﾗｲﾄ(透明ﾌﾛｰﾄ)６㍉,ﾃﾝﾊﾟﾗｲﾄ(透明ﾌﾛｰﾄ)６㍉,1
ﾌﾛｰﾄｶﾞﾗｽt84.45m2以下,透明フロート８㍉,透明フロート８㍉,1
強化ｶﾞﾗｽ厚さ12.0mm平面4.00㎡以下,ﾃﾝﾊﾟﾗｲﾄ(透明ﾌﾛｰﾄ)１２㍉,ﾃﾝﾊﾟﾗｲﾄ(透明ﾌﾛｰﾄ)１２㍉,1
複層ガラスt30W1500×H4563FL8+A12+Low-E10,ｻﾝﾊﾞﾗﾝｽLow-E10+A12+FL8(L),ｻﾝﾊﾞﾗﾝｽLow-E10+A12+FL8(L),1
化粧鏡W300×H1150厚5.0防錆鏡,ｻﾝﾐﾗｰﾃﾞﾗｯｸｽ５㍉･･･壁面／洗面,ｻﾝﾐﾗｰﾃﾞﾗｯｸｽ５㍉･･･壁面／洗面,1
複層ｶﾞﾗｽ合(ﾌﾛｰﾄt6+乳白色中間膜+耐熱強化t8)+A10+LowEt12,ｻﾝﾊﾞﾗﾝｽｾｷｭﾘﾃｨｰLow-E12+A10+FL6+FR8(乳60),ｻﾝﾊﾞﾗﾝｽｾｷｭﾘﾃｨｰLow-E12+A10+FL6+FR8(乳60),1
強化合せｶﾞﾗｽ強化t6+強化t62.0m2以下,ﾗﾐｾｰﾌｾｷｭﾘﾃｨｰ(60mil)強化6+強化6,ﾗﾐｾｰﾌｾｷｭﾘﾃｨｰ(60mil)強化6+強化6,1
複層ガラスt286.0㎡以下FL8+A12+Low-E8,ｻﾝﾊﾞﾗﾝｽLow-E8+A12+FL8,ｻﾝﾊﾞﾗﾝｽLow-E8+A12+FL8,1
Low-E複層ガラス厚22.02.00㎡以下Low-E6+A6+FL10,ｻﾝﾊﾞﾗﾝｽLow-E6+A6+FL10,ｻﾝﾊﾞﾗﾝｽLow-E6+A6+FL10,1
ガラスＥＶ柵強化ｶﾞﾗｽt8,ﾃﾝﾊﾟﾗｲﾄ(透明ﾌﾛｰﾄ)８㍉,ﾃﾝﾊﾟﾗｲﾄ(透明ﾌﾛｰﾄ)８㍉,1
ﾌﾛｰﾄｶﾞﾗｽ厚5150×1500ﾀﾍﾟｽﾄﾘｰ加工,透明フロート５㍉※,透明フロート５㍉※,1
強化ｶﾞﾗｽt10W2022×H3000,ﾃﾝﾊﾟﾗｲﾄ(透明ﾌﾛｰﾄ)１０㍉,ﾃﾝﾊﾟﾗｲﾄ(透明ﾌﾛｰﾄ)１０㍉,1
複層ガラスt36W4500×H1800FL12+A12+Low-E12,ｻﾝﾊﾞﾗﾝｽLow-E12+A12+FL12(L),ｻﾝﾊﾞﾗﾝｽLow-E12+A12+FL12(L),1
ﾌﾛｰﾄｶﾞﾗｽt5W1400×H500,透明フロート５㍉,透明フロート５㍉,1
鏡t6W2689×H1700,サンミラー６㍉･･･壁面／洗面,サンミラー６㍉･･･壁面／洗面,1
複層ｶﾞﾗｽ合(ﾌﾛｰﾄt6+乳白色中間膜+耐熱強化t8)+A10+LowEt12,ｻﾝﾊﾞﾗﾝｽｾｷｭﾘﾃｨｰLow-E12+A10+FL6+FR8(乳60),ｻﾝﾊﾞﾗﾝｽｾｷｭﾘﾃｨｰLow-E12+A10+FL6+FR8(乳60),1
強化ｶﾞﾗｽ厚さ8W800×H922,ﾃﾝﾊﾟﾗｲﾄ(透明ﾌﾛｰﾄ)８㍉,ﾃﾝﾊﾟﾗｲﾄ(透明ﾌﾛｰﾄ)８㍉,1
合わせｶﾞﾗｽPSG8+PSG82.00㎡以下,ﾗﾐｾｰﾌｾｷｭﾘﾃｨｰ(30mil)FL8+FL8,ﾗﾐｾｰﾌｾｷｭﾘﾃｨｰ(30mil)FL8+FL8,1
フロートガラスt126.81㎡以下,透明フロート１２㍉,透明フロート１２㍉,1
複層ｶﾞﾗｽLE6+A12+FL5特寸2.00㎡以下,ｻﾝﾊﾞﾗﾝｽLow-E6+A12+FL5,ｻﾝﾊﾞﾗﾝｽLow-E6+A12+FL5,1
複層ガラスt366.0㎡以下FL12+A12+Low-E12,ｻﾝﾊﾞﾗﾝｽLow-E12+A12+FL12,ｻﾝﾊﾞﾗﾝｽLow-E12+A12+FL12,1
強化ｶﾞﾗｽ厚さ12.0mm平面6.00㎡以下,ﾃﾝﾊﾟﾗｲﾄ(透明ﾌﾛｰﾄ)１２㍉,ﾃﾝﾊﾟﾗｲﾄ(透明ﾌﾛｰﾄ)１２㍉,1
姿見鏡厚6.0ｴｯｼﾞ:ｽﾃﾝﾚｽ厚1.5HL,サンミラー６㍉･･･壁面／洗面,サンミラー６㍉･･･壁面／洗面,1
複層ｶﾞﾗｽLowE6+A12+FL62.00m2以下,ｻﾝﾊﾞﾗﾝｽLow-E6+A12+FL6,ｻﾝﾊﾞﾗﾝｽLow-E6+A12+FL6,1
ﾌﾛｰﾄｶﾞﾗｽt6,透明フロート６㍉,透明フロート６㍉,1
複層ガラスt30W1500×H3079.4FL8+A12+Low-E10,ｻﾝﾊﾞﾗﾝｽLow-E10+A12+FL8,ｻﾝﾊﾞﾗﾝｽLow-E10+A12+FL8,1
3F共用ｴﾘｱ1他化粧鏡防湿鏡t=6φ450日本板硝子ﾊｲﾐﾗｰDXⅡ同等品,異形ｻﾝﾐﾗｰﾃﾞﾗｯｸｽ６㍉･･･壁面／洗面,異形ｻﾝﾐﾗｰﾃﾞﾗｯｸｽ６㍉･･･壁面／洗面,1
強化ガラス戸t10W850×H2000,ﾃﾝﾊﾟﾗｲﾄ(透明ﾌﾛｰﾄ)１０㍉,ﾃﾝﾊﾟﾗｲﾄ(透明ﾌﾛｰﾄ)１０㍉,1
ﾌﾛｰﾄ板ｶﾞﾗｽ厚さ5特寸2.18㎡以下,透明フロート５㍉,透明フロート５㍉,1
LEaAW-e2複層ｶﾞﾗｽLowe8+A12+FL8異形900×4600(4.0m2),異形ｻﾝﾊﾞﾗﾝｽLow-E8+A12+FL8(L),異形ｻﾝﾊﾞﾗﾝｽLow-E8+A12+FL8,0
フロートガラスt=102.18㎡以下,透明フロート１０㍉,透明フロート１０㍉,1
型板ｶﾞﾗｽ厚さ6W100×H1800,型板ガラス６㍉,型板ガラス６㍉,1
複層ｶﾞﾗｽLE8+A12+FL8特寸2.00㎡以下,ｻﾝﾊﾞﾗﾝｽLow-E8+A12+FL8,ｻﾝﾊﾞﾗﾝｽLow-E8+A12+FL8,1
姿見鏡厚6.0ｴｯｼﾞ:ｽﾃﾝﾚｽ厚1.5HL,サンミラー６㍉･･･壁面／洗面,サンミラー６㍉･･･壁面／洗面,1
複層ｶﾞﾗｽLowE5+A12+FL64.00m2以下,ｻﾝﾊﾞﾗﾝｽLow-E5+A12+FL6,ｻﾝﾊﾞﾗﾝｽLow-E5+A12+FL6,1
複層ｶﾞﾗｽ合(ﾌﾛｰﾄt6+乳白色中間膜+耐熱強化t8)+A10+LowEt12,ｻﾝﾊﾞﾗﾝｽｾｷｭﾘﾃｨｰLow-E12+A10+FL6+FR8(乳60),ｻﾝﾊﾞﾗﾝｽｾｷｭﾘﾃｨｰLow-E12+A10+FL6+FR8(乳60),1
耐熱ガラスt8W1522×H1018,ﾏｲﾎﾞｰｶ(透明ﾌﾛｰﾄ)８㍉,ﾏｲﾎﾞｰｶ(透明ﾌﾛｰﾄ)８㍉,1
強化合わせガラスTG10+TG12W660×H2215,ﾗﾐｾｰﾌｾｷｭﾘﾃｨｰ(60mil)強化10+強化12,ﾗﾐｾｰﾌｾｷｭﾘﾃｨｰ(60mil)強化10+強化12,1
LEaAW-e2複層ｶﾞﾗｽLowe8+A12+FL8異形900×2600(2.1m2),異形ｻﾝﾊﾞﾗﾝｽLow-E8+A12+FL8,異形ｻﾝﾊﾞﾗﾝｽLow-E8+A12+FL8,1
化粧鏡t5.0W450×H1000,サンミラー５㍉･･･壁面／洗面,サンミラー５㍉･･･壁面／洗面,1
ﾌﾛｰﾄｶﾞﾗｽt6,透明フロート６㍉,透明フロート６㍉,1
強化合わせガラスTG10+TG126.00㎡以上,ﾗﾐｾｰﾌｾｷｭﾘﾃｨｰ(60mil)強化10+強化12,ﾗﾐｾｰﾌｾｷｭﾘﾃｨｰ(60mil)強化10+強化12,1
複層ガラスt26W1500×H3057FL6+A12+Low-E8,ｻﾝﾊﾞﾗﾝｽLow-E8+A12+FL6,ｻﾝﾊﾞﾗﾝｽLow-E8+A12+FL6,1
複層ｶﾞﾗｽﾌﾛｰﾄt6+A12+ﾌﾛｰﾄt52.0m2以下,ﾍﾟｱｶﾞﾗｽFL5+A12+FL6,ﾍﾟｱｶﾞﾗｽFL5+A12+FL6,1
防護柵強化ガラスt=10W1250×H500,ﾃﾝﾊﾟﾗｲﾄ(透明ﾌﾛｰﾄ)１０㍉（ｶﾞﾗｽのみ）,ﾃﾝﾊﾟﾗｲﾄ(透明ﾌﾛｰﾄ)１０㍉（ｶﾞﾗｽのみ）,1
複層ｶﾞﾗｽFL8+A12+FL84.00m2以下,ﾍﾟｱｶﾞﾗｽFL8+A12+FL8,ﾍﾟｱｶﾞﾗｽFL8+A12+FL8,1
網入磨き板ガラスt=102.18㎡以下,網入磨ガラス(ﾋｼ)１０㍉,網入磨ガラス(ﾋｼ)１０㍉,1
型板ｶﾞﾗｽ厚さ4W100×H100,型板ガラス４㍉,型板ガラス４㍉,1
複層ｶﾞﾗｽFL5+A12+FL54.00m2以下,ﾍﾟｱｶﾞﾗｽFL5+A12+FL5,ﾍﾟｱｶﾞﾗｽFL5+A12+FL5,1
ｽﾃﾝﾄﾞｸﾞﾗｽｶﾊﾞｰ強化ｶﾞﾗｽ厚さ6㎜平面2.0㎡以下W630×H1365,ﾃﾝﾊﾟﾗｲﾄ(透明ﾌﾛｰﾄ)６㍉,ﾃﾝﾊﾟﾗｲﾄ(透明ﾌﾛｰﾄ)６㍉,1
ﾌﾛｰﾄ板ｶﾞﾗｽ厚32.18㎡以下,透明フロート３㍉,透明フロート３㍉,1
ﾌﾛｰﾄ板ｶﾞﾗｽ厚さ6.0mm特寸2.18㎡以下,透明フロート６㍉,透明フロート６㍉,1
複層ｶﾞﾗｽ網入磨t10+A12+ﾌﾛｰﾄt82.0m2以下,ﾍﾟｱｶﾞﾗｽPW10+A12+FL8,ﾍﾟｱｶﾞﾗｽPW10+A12+FL8,1
強化ｶﾞﾗｽ厚54.00m2以下,ﾃﾝﾊﾟﾗｲﾄ(透明ﾌﾛｰﾄ)５㍉,ﾃﾝﾊﾟﾗｲﾄ(透明ﾌﾛｰﾄ)５㍉,1
ﾌﾛｰﾄ板ｶﾞﾗｽ厚さ6特寸4.45㎡以下,透明フロート６㍉,透明フロート６㍉,1
LEaAW-e2複層ｶﾞﾗｽLowe8+A12+FL8異形900×4200(3.6m2),異形ｻﾝﾊﾞﾗﾝｽLow-E8+A12+FL8(L),異形ｻﾝﾊﾞﾗﾝｽLow-E8+A12+FL8,0
合わせｶﾞﾗｽﾌﾛ-ﾄt3+ﾌﾛ-ﾄt3W100×H100,ﾗﾐｾｰﾌｾｷｭﾘﾃｨｰ(30mil)FL3+FL3,ﾗﾐｾｰﾌｾｷｭﾘﾃｨｰ(30mil)FL3+FL3,1
強化ガラスt=8.02.00㎡以下,ﾃﾝﾊﾟﾗｲﾄ(透明ﾌﾛｰﾄ)８㍉,ﾃﾝﾊﾟﾗｲﾄ(透明ﾌﾛｰﾄ)８㍉,1
自動扉衝突防止柵強化ｶﾞﾗｽ厚8,ﾃﾝﾊﾟﾗｲﾄ(透明ﾌﾛｰﾄ)８㍉,ﾃﾝﾊﾟﾗｲﾄ(透明ﾌﾛｰﾄ)８㍉,1
合わせｶﾞﾗｽﾌﾛ-ﾄt5+ﾌﾛ-ﾄt54.0m2以下,ﾗﾐｾｰﾌｾｷｭﾘﾃｨｰ(30mil)FL5+FL5,ﾗﾐｾｰﾌｾｷｭﾘﾃｨｰ(30mil)FL5+FL5,1
耐熱ガラスt5W40×H1700,ﾏｲﾎﾞｰｶ(透明ﾌﾛｰﾄ)５㍉,ﾏｲﾎﾞｰｶ(透明ﾌﾛｰﾄ)５㍉,1
LEaAW-e2複層ｶﾞﾗｽLowe8+A12+FL8異形900×4600(4.0m2),異形ｻﾝﾊﾞﾗﾝｽLow-E8+A12+FL8(L),異形ｻﾝﾊﾞﾗﾝｽLow-E8+A12+FL8,0
鏡t6W2400×H1700,サンミラー６㍉･･･壁面／洗面,サンミラー６㍉･･･壁面／洗面,1
複層ｶﾞﾗｽLowE8+A12+T8W1875×H3450,ｻﾝﾊﾞﾗﾝｽLow-E8+A12+強化8,ｻﾝﾊﾞﾗﾝｽLow-E8+A12+強化8,1
ｶﾞﾗｽ手摺H1100平部強化ｶﾞﾗｽt12,ﾃﾝﾊﾟﾗｲﾄ(透明ﾌﾛｰﾄ)12㍉H1100(ｶﾞﾗｽのみ),ﾃﾝﾊﾟﾗｲﾄ(透明ﾌﾛｰﾄ)12㍉H1100(ｶﾞﾗｽのみ),1
強化ｶﾞﾗｽ厚さ6㎜平面2.0㎡以下,ﾃﾝﾊﾟﾗｲﾄ(透明ﾌﾛｰﾄ)６㍉,ﾃﾝﾊﾟﾗｲﾄ(透明ﾌﾛｰﾄ)６㍉,1
ﾌﾛｰﾄ板ｶﾞﾗｽ厚さ10特寸4.45㎡以下,透明フロート１０㍉,透明フロート１０㍉,1
化粧鏡厚5W500×H1300両端部幅50ﾌﾞﾗｽﾄ処理,化粧鏡5㍉両端幅50ﾌﾛｽﾄ処理,化粧鏡5㍉両端幅50ﾌﾛｽﾄ処理,1
合わせｶﾞﾗｽﾌﾛ-ﾄt6+ﾌﾛ-ﾄt64.0m2以下,ﾗﾐｾｰﾌｾｷｭﾘﾃｨｰ(30mil)FL6+FL6,ﾗﾐｾｰﾌｾｷｭﾘﾃｨｰ(30mil)FL6+FL6,1
ﾌﾛｰﾄ板ｶﾞﾗｽ厚さ8特寸2.18㎡以下,透明フロート８㍉,透明フロート８㍉,1
ｶﾞﾗｽ手摺用ｶﾞﾗｽｶﾞﾗｽ:強化合せｶﾞﾗｽ厚10+10,ﾗﾐｾｰﾌｾｷｭﾘﾃｨｰ(60mil)強化10+強化10H1200,ﾗﾐｾｰﾌｾｷｭﾘﾃｨｰ(60mil)強化10+強化10H1200,1
複層ｶﾞﾗｽﾌﾛｰﾄt10+A10+LowEt10,ｻﾝﾊﾞﾗﾝｽLow-E10+A10+FL10,ｻﾝﾊﾞﾗﾝｽLow-E10+A10+FL10,1
ﾌﾛｰﾄ板ｶﾞﾗｽ厚さ6特寸4.45㎡以下,透明フロート６㍉,透明フロート６㍉,1
鏡t6W1009×H1700,サンミラー６㍉･･･壁面／洗面,サンミラー６㍉･･･壁面／洗面,1
複層ｶﾞﾗｽ合(ﾌﾛｰﾄt6+耐熱強化t8)+A10+LowEt12,ｻﾝﾊﾞﾗﾝｽｾｷｭﾘﾃｨｰLow-E12+A10+FL6+FR8(60),ｻﾝﾊﾞﾗﾝｽｾｷｭﾘﾃｨｰLow-E12+A10+FL6+FR8(60),1
複層ｶﾞﾗｽLE6+A12+FL5特寸2.00㎡以下,ｻﾝﾊﾞﾗﾝｽLow-E6+A12+FL5,ｻﾝﾊﾞﾗﾝｽLow-E6+A12+FL5,1
合わせｶﾞﾗｽFL16(8+8)平面4.0㎡以下,ﾗﾐｾｰﾌｾｷｭﾘﾃｨｰ(30mil)FL8+FL8,ﾗﾐｾｰﾌｾｷｭﾘﾃｨｰ(30mil)FL8+FL8,1
引違ｶﾞﾗｽ戸ﾌﾛｰﾄ厚5800×600,透明フロート５㍉,透明フロート５㍉,1
合わせｶﾞﾗｽ強化t8+強化t8,ﾗﾐｾｰﾌｾｷｭﾘﾃｨｰ(60mil)強化8+強化8,ﾗﾐｾｰﾌｾｷｭﾘﾃｨｰ(60mil)強化8+強化8,1
強化ｶﾞﾗｽ厚54.00㎡以下,ﾃﾝﾊﾟﾗｲﾄ(透明ﾌﾛｰﾄ)５㍉,ﾃﾝﾊﾟﾗｲﾄ(透明ﾌﾛｰﾄ)５㍉,1
耐熱ｶﾞﾗｽt6.54.00m2以下,ﾏｲﾎﾞｰｶ(透明ﾌﾛｰﾄ)６.５㍉,ﾏｲﾎﾞｰｶ(透明ﾌﾛｰﾄ)６.５㍉,1
強化ｶﾞﾗｽt102.0m2以下(ﾋｰﾄｿｰｸ処理),ﾃﾝﾊﾟﾗｲﾄ(透明ﾌﾛｰﾄ)１０㍉,ﾃﾝﾊﾟﾗｲﾄ(透明ﾌﾛｰﾄ)１０㍉,1
免震装置用鏡防湿鏡:厚6W900×H900,ｻﾝﾐﾗｰﾃﾞﾗｯｸｽ６㍉･･･壁面／洗面,ｻﾝﾐﾗｰﾃﾞﾗｯｸｽ６㍉･･･壁面／洗面,1
強化ガラスt124.0㎡以下,ﾃﾝﾊﾟﾗｲﾄ(透明ﾌﾛｰﾄ)１２㍉,ﾃﾝﾊﾟﾗｲﾄ(透明ﾌﾛｰﾄ)１２㍉,1
Ｌｏｗ－Ｅ複層ガラスLow-E6+A12+TP82.00㎡以下,ｻﾝﾊﾞﾗﾝｽLow-E6+A12+強化8,ｻﾝﾊﾞﾗﾝｽLow-E6+A12+強化8,1
ﾌﾛｰﾄｶﾞﾗｽt5W1200×H1050,透明フロート５㍉,透明フロート５㍉,1
型板ｶﾞﾗｽ厚4100×1500ﾀﾍﾟｽﾄﾘｰ加工,型板ガラス４㍉※,型板ガラス４㍉※,1
鏡t6W1009×H1700,サンミラー６㍉･･･壁面／洗面,サンミラー６㍉･･･壁面／洗面,1
ﾌﾛｰﾄｶﾞﾗｽt124.45m2以下,透明フロート１２㍉,透明フロート１２㍉,1
複層ｶﾞﾗｽLE6+A12+FL5特寸2.00㎡以下,ｻﾝﾊﾞﾗﾝｽLow-E6+A12+FL5,ｻﾝﾊﾞﾗﾝｽLow-E6+A12+FL5,1
LEa複層ｶﾞﾗｽLowe6+A12+FL64.00m2以下,ｻﾝﾊﾞﾗﾝｽLow-E6+A12+FL6,ｻﾝﾊﾞﾗﾝｽLow-E6+A12+FL6,1
フロートガラスt=6.02.18㎡以下,透明フロート６㍉,透明フロート６㍉,1
強化ｶﾞﾗｽ厚さ4W100×H1700,ﾃﾝﾊﾟﾗｲﾄ(透明ﾌﾛｰﾄ)４㍉,ﾃﾝﾊﾟﾗｲﾄ(透明ﾌﾛｰﾄ)４㍉,1
ﾌﾛｽﾄｶﾞﾗｽ厚さ8.0mm特寸2.18㎡以下,フロストグラス（プレーン）８㍉,フロストグラス（プレーン）８㍉,1
合わせｶﾞﾗｽFL12(6+6)平面2.0㎡以下,ﾗﾐｾｰﾌｾｷｭﾘﾃｨｰ(30mil)FL6+FL6,ﾗﾐｾｰﾌｾｷｭﾘﾃｨｰ(30mil)FL6+FL6,1
複層ｶﾞﾗｽLowE8+A12+T86.00m2以下,ｻﾝﾊﾞﾗﾝｽLow-E8+A12+強化8,ｻﾝﾊﾞﾗﾝｽLow-E8+A12+強化8,1
Ｌｏｗ－Ｅ合わせ複層ガラスLow-E8+A12+(FL6+CP･HS6)2.00㎡以下,ｻﾝﾊﾞﾗﾝｽｾｷｭﾘﾃｨｰLow-E8+A6+FL6+HS6(SG60)※,ｻﾝﾊﾞﾗﾝｽｾｷｭﾘﾃｨｰLow-E8+A6+FL6+HS6(SG60)※,1
複層ｶﾞﾗｽLowE6+A6+FL64.00m2以下,ｻﾝﾊﾞﾗﾝｽLow-E6+A6+FL6,ｻﾝﾊﾞﾗﾝｽLow-E6+A6+FL6,1
ｽﾃﾝﾄﾞｸﾞﾗｽｶﾊﾞｰ強化ｶﾞﾗｽ厚さ6㎜平面2.0㎡以下W630×H1805,ﾃﾝﾊﾟﾗｲﾄ(透明ﾌﾛｰﾄ)６㍉,ﾃﾝﾊﾟﾗｲﾄ(透明ﾌﾛｰﾄ)６㍉,1
強化ガラスt=12.02.00㎡以下防護柵用,ﾃﾝﾊﾟﾗｲﾄ(透明ﾌﾛｰﾄ)１２㍉,ﾃﾝﾊﾟﾗｲﾄ(透明ﾌﾛｰﾄ)１２㍉,1
LEaAW-e2複層ｶﾞﾗｽLowe8+A12+FL8異形900×2100(1.7m2),異形ｻﾝﾊﾞﾗﾝｽLow-E8+A12+FL8,異形ｻﾝﾊﾞﾗﾝｽLow-E8+A12+FL8,1
複層ｶﾞﾗｽﾌﾛｰﾄt10+A10+LowEt10,ｻﾝﾊﾞﾗﾝｽLow-E10+A10+FL10,ｻﾝﾊﾞﾗﾝｽLow-E10+A10+FL10,1
強化透明ﾌﾛｰﾄ板ｶﾞﾗｽt=123770×2400,ﾃﾝﾊﾟﾗｲﾄ(透明ﾌﾛｰﾄ)１２㍉,ﾃﾝﾊﾟﾗｲﾄ(透明ﾌﾛｰﾄ)１２㍉,1
透明ﾌﾛｰﾄ板ｶﾞﾗｽt=196.81㎡以下,透明フロート１９㍉,透明フロート１９㍉,1
ｶﾞﾗｽ手摺用ｶﾞﾗｽｶﾞﾗｽ:強化合せｶﾞﾗｽ厚10+10,ﾗﾐｾｰﾌｾｷｭﾘﾃｨｰ(60mil)強化10+強化10H1200,ﾗﾐｾｰﾌｾｷｭﾘﾃｨｰ(60mil)強化10+強化10H1200,1
強化透明ﾌﾛｰﾄ板ｶﾞﾗｽt=123770×2400,ﾃﾝﾊﾟﾗｲﾄ(透明ﾌﾛｰﾄ)１２㍉,ﾃﾝﾊﾟﾗｲﾄ(透明ﾌﾛｰﾄ)１２㍉,1
複層ｶﾞﾗｽPSG6+A6+FG62.00㎡以下,ﾍﾟｱｶﾞﾗｽ型6+A6+FL6,ﾍﾟｱｶﾞﾗｽ型6+A6+FL6,1
フロートガラスt5100x100,透明フロート５㍉,透明フロート５㍉,1
ﾌﾛｰﾄｶﾞﾗｽt8W150×H1800,透明フロート８㍉,透明フロート８㍉,1
複層ｶﾞﾗｽﾌﾛｰﾄt6+A12+ﾌﾛｰﾄt52.0m2以下,ﾍﾟｱｶﾞﾗｽFL5+A12+FL6,ﾍﾟｱｶﾞﾗｽFL5+A12+FL6,1
ﾄｲﾚ他化粧鏡防湿鏡t=6φ450日本板硝子ﾊｲﾐﾗｰDXⅡ同等品,異形ｻﾝﾐﾗｰﾃﾞﾗｯｸｽ６㍉･･･壁面／洗面,異形ｻﾝﾐﾗｰﾃﾞﾗｯｸｽ６㍉･･･壁面／洗面,1
網入みがき板ｶﾞﾗｽ厚さ10特寸2.18㎡以下,網入磨ガラス(ﾋｼ)１０㍉,網入磨ガラス(ﾋｼ)１０㍉,1
強化ｶﾞﾗｽt104.00m2以下,ﾃﾝﾊﾟﾗｲﾄ(透明ﾌﾛｰﾄ)１０㍉,ﾃﾝﾊﾟﾗｲﾄ(透明ﾌﾛｰﾄ)１０㍉,1
合わせｶﾞﾗｽPSG5+PSG52.00㎡以下,ﾗﾐｾｰﾌｾｷｭﾘﾃｨｰ(30mil)FL5+FL5,ﾗﾐｾｰﾌｾｷｭﾘﾃｨｰ(30mil)FL5+FL5,1
ﾌﾛｰﾄ板ｶﾞﾗｽ厚さ12特寸4.45㎡以下,透明フロート１２㍉,透明フロート１２㍉,1
複層ｶﾞﾗｽLowE8+A12+FL8特寸6.0㎡以下,ｻﾝﾊﾞﾗﾝｽLow-E8+A12+FL8,ｻﾝﾊﾞﾗﾝｽLow-E8+A12+FL8,1
網入みがき板ｶﾞﾗｽ厚さ6.8120×1800ひし(HSD-101他),網入磨ガラス６．８㍉,網入磨ガラス６．８㍉,1
複層ガラスt244.0㎡以下FL6+A12+Low-E6,ｻﾝﾊﾞﾗﾝｽLow-E6+A12+FL6,ｻﾝﾊﾞﾗﾝｽLow-E6+A12+FL6,1
ﾌﾛｰﾄ板ｶﾞﾗｽ厚さ6.0mm1800×295(SD-303他),透明フロート６㍉,透明フロート６㍉,1
LEa複層ｶﾞﾗｽLowe10+A12+FL106.00m2以下,ｻﾝﾊﾞﾗﾝｽLow-E10+A12+FL10,ｻﾝﾊﾞﾗﾝｽLow-E10+A12+FL10,1
姿見鏡W300×H1500TOTO:YMK50K同等,サンミラー５㍉･･･壁面／洗面,サンミラー５㍉･･･壁面／洗面,1
複層ｶﾞﾗｽFL6+A12+FL6特寸6.0㎡以下,ﾍﾟｱｶﾞﾗｽFL6+A12+FL6,ﾍﾟｱｶﾞﾗｽFL6+A12+FL6,1
LEaAW-e2複層ｶﾞﾗｽLowe8+A12+FL8異形900×3400(3.0m2),異形ｻﾝﾊﾞﾗﾝｽLow-E8+A12+FL8,異形ｻﾝﾊﾞﾗﾝｽLow-E8+A12+FL8,1
姿見鏡W450×H2100厚5.0防錆鏡,ｻﾝﾐﾗｰﾃﾞﾗｯｸｽ５㍉･･･壁面／洗面,ｻﾝﾐﾗｰﾃﾞﾗｯｸｽ５㍉･･･壁面／洗面,1
ﾌﾛｰﾄ板ｶﾞﾗｽ厚さ6.0mm1800×295(SD-303他),透明フロート６㍉,透明フロート６㍉,1
複層ガラスt26W1500×H3450FL6+A12+Low-E8,ｻﾝﾊﾞﾗﾝｽLow-E8+A12+FL6,ｻﾝﾊﾞﾗﾝｽLow-E8+A12+FL6,1
複層ガラスt32W700×H3730FL10+A12+Low-E10,ｻﾝﾊﾞﾗﾝｽLow-E10+A12+FL10(L),ｻﾝﾊﾞﾗﾝｽLow-E10+A12+FL10(L),1
複層ｶﾞﾗｽﾌﾛｰﾄt12+A10+LowEt12,ｻﾝﾊﾞﾗﾝｽLow-E12+A10+FL12,ｻﾝﾊﾞﾗﾝｽLow-E12+A10+FL12,1
化粧鏡L2390×H1000,サンミラー５㍉･･･壁面／洗面,サンミラー５㍉･･･壁面／洗面,1
強化ｶﾞﾗｽ厚54.00㎡以下,ﾃﾝﾊﾟﾗｲﾄ(透明ﾌﾛｰﾄ)５㍉,ﾃﾝﾊﾟﾗｲﾄ(透明ﾌﾛｰﾄ)５㍉,1
透明ﾌﾛｰﾄ板ｶﾞﾗｽt=152709×2800,透明フロート１５㍉,透明フロート１５㍉,1
複層ｶﾞﾗｽFTP5+A12+FL52.0㎡以下,ﾏｲﾎﾞｰｶﾍﾟｱ耐熱強化5+A12+FL5,ﾏｲﾎﾞｰｶﾍﾟｱ耐熱強化5+A12+FL5,1
鏡t6W2594×H1700,サンミラー６㍉･･･壁面／洗面,サンミラー６㍉･･･壁面／洗面,1
複層ｶﾞﾗｽLowE6+A12+FL6特寸2.0㎡以下,ｻﾝﾊﾞﾗﾝｽLow-E6+A12+FL6,ｻﾝﾊﾞﾗﾝｽLow-E6+A12+FL6,1
ﾌﾛｰﾄ板ｶﾞﾗｽ厚さ8特寸2.18㎡以下,透明フロート８㍉,透明フロート８㍉,1
複層ｶﾞﾗｽTG8+A12+TG8特寸6.0㎡以下,ﾍﾟｱｶﾞﾗｽ強化8+A12+強化8,ﾍﾟｱｶﾞﾗｽ強化8+A12+強化8,1
ﾌﾛｰﾄ板ｶﾞﾗｽ厚さ6.0mm特寸2.18㎡以下,透明フロート６㍉,透明フロート６㍉,1
Low-E複層ガラス厚32.02.00㎡以下Low-E8+A12+,ｻﾝﾊﾞﾗﾝｽｾｷｭﾘﾃｨｰLow-E8+A12+FL6+FL6(防音30),ｻﾝﾊﾞﾗﾝｽｾｷｭﾘﾃｨｰLow-E8+A12+FL6+FL6(防音30),1
ﾌﾛｰﾄ板ｶﾞﾗｽ厚さ5特寸4.45㎡以下,透明フロート５㍉,透明フロート５㍉,1
強化ガラスt124.0㎡以下,ﾃﾝﾊﾟﾗｲﾄ(透明ﾌﾛｰﾄ)１２㍉,ﾃﾝﾊﾟﾗｲﾄ(透明ﾌﾛｰﾄ)１２㍉,1
網入型板ｶﾞﾗｽ厚6.82.18㎡以下,網入型板ガラス６．８㍉,網入型板ガラス６．８㍉,1
透明ﾌﾛｰﾄ板ｶﾞﾗｽt=152554×2800,透明フロート１５㍉,透明フロート１５㍉,1
ﾌﾛｰﾄｶﾞﾗｽt104.45m2以下,透明フロート１０㍉,透明フロート１０㍉,1
合わせガラスFL10+FL104.00㎡以下,ﾗﾐｾｰﾌｾｷｭﾘﾃｨｰ(30mil)FL10+FL10,ﾗﾐｾｰﾌｾｷｭﾘﾃｨｰ(30mil)FL10+FL10,1
網入磨板ｶﾞﾗｽ厚6.82.18㎡以下,網入磨ガラス６．８㍉,網入磨ガラス６．８㍉,1
耐熱強化ｶﾞﾗｽ厚さ6.5mm平面2.00㎡以下,ﾏｲﾎﾞｰｶ(透明ﾌﾛｰﾄ)６.５㍉,ﾏｲﾎﾞｰｶ(透明ﾌﾛｰﾄ)６.５㍉,1
合せガラス厚8.02.00㎡以下T4+T4ﾀﾍﾟｽﾄﾘｰ加工,ﾗﾐｾｰﾌｾｷｭﾘﾃｨｰ(60mil)強化4+型板強化4※,ﾗﾐｾｰﾌｾｷｭﾘﾃｨｰ(60mil)強化4+型板強化4※,1
複層ｶﾞﾗｽLE8+A12+HS8特寸6.00㎡以下,ｻﾝﾊﾞﾗﾝｽLow-E8+A12+HS8,ｻﾝﾊﾞﾗﾝｽLow-E8+A12+HS8,1
フロートガラスt5W40×H1700,透明フロート５㍉,透明フロート５㍉,1
網入型板ｶﾞﾗｽ厚6.82.18㎡以下,網入型板ガラス６．８㍉,網入型板ガラス６．８㍉,1
防犯合わせｶﾞﾗｽFL10+FL104.00m2以下,ﾗﾐｾｰﾌｾｷｭﾘﾃｨｰ(30mil)FL10+FL10,ﾗﾐｾｰﾌｾｷｭﾘﾃｨｰ(30mil)FL10+FL10,1
Ｌｏｗ－Ｅ複層ガラスLow-ETP8+A6+TP82.00㎡以下,ｻﾝﾊﾞﾗﾝｽLow-E強化8+A6+強化8,ｻﾝﾊﾞﾗﾝｽLow-E強化8+A6+強化8,1
Ｌｏｗ－Ｅ合わせ複層ガラスLow-E8+A12+(FL5+FL5)2.00㎡以下,ｻﾝﾊﾞﾗﾝｽｾｷｭﾘﾃｨｰLow-E8+A12+FL5+FL5(30ﾐﾙ),ｻﾝﾊﾞﾗﾝｽｾｷｭﾘﾃｨｰLow-E8+A12+FL5+FL5(30ﾐﾙ),1
複層ｶﾞﾗｽFL6+A12+FL62.00m2以下,ﾍﾟｱｶﾞﾗｽFL6+A12+FL6,ﾍﾟｱｶﾞﾗｽFL6+A12+FL6,1
ﾌﾛｰﾄｶﾞﾗｽ厚86.81m2以下,透明フロート８㍉,透明フロート８㍉,1
強化ｶﾞﾗｽt10W1495.3×H3000,ﾃﾝﾊﾟﾗｲﾄ(透明ﾌﾛｰﾄ)１０㍉,ﾃﾝﾊﾟﾗｲﾄ(透明ﾌﾛｰﾄ)１０㍉,1
強化合せｶﾞﾗｽ強化t6+強化t62.0m2以下,ﾗﾐｾｰﾌｾｷｭﾘﾃｨｰ(60mil)強化6+強化6,ﾗﾐｾｰﾌｾｷｭﾘﾃｨｰ(60mil)強化6+強化6,1
複層ｶﾞﾗｽLowE8+A12+T84.00m2以下,ｻﾝﾊﾞﾗﾝｽLow-E8+A12+強化8,ｻﾝﾊﾞﾗﾝｽLow-E8+A12+強化8,1
強化合わせガラスTG6+TG62.00㎡以下,ﾗﾐｾｰﾌｾｷｭﾘﾃｨｰ(60mil)強化6+強化6,ﾗﾐｾｰﾌｾｷｭﾘﾃｨｰ(60mil)強化6+強化6,1
複層ガラスt22W1130×H3548.6FL8+A6+FL8,ﾍﾟｱｶﾞﾗｽFL8+A6+FL8(L),ﾍﾟｱｶﾞﾗｽFL8+A6+FL8(L),1
ﾀﾞﾌﾞﾙｶﾞﾗｽﾄﾞｱ強化5+強化5900×2700,ﾗﾐｾｰﾌｾｷｭﾘﾃｨｰ(60mil)強化5+強化5,ﾗﾐｾｰﾌｾｷｭﾘﾃｨｰ(60mil)強化5+強化5,1
ﾌﾛｰﾄ板ｶﾞﾗｽ厚さ10特寸4.45㎡以下,透明フロート１０㍉,透明フロート１０㍉,1
透明ﾌﾛｰﾄ板ｶﾞﾗｽt=153269×2800,透明フロート１５㍉,透明フロート１５㍉,1
ﾌﾛｰﾄ板ｶﾞﾗｽ厚さ6.0mm120×1800(HSD-101a),透明フロート６㍉,透明フロート６㍉,1
複層ｶﾞﾗｽﾌﾛｰﾄt8+A10+LowEt8,ｻﾝﾊﾞﾗﾝｽLow-E8+A10+FL8,ｻﾝﾊﾞﾗﾝｽLow-E8+A10+FL8,1
フロートガラスt126.81㎡以下,透明フロート１２㍉,透明フロート１２㍉,1
化粧鏡厚5.0W450×H1100,サンミラー５㍉･･･壁面／洗面,サンミラー５㍉･･･壁面／洗面,1
合わせガラスFL10+FL104.00㎡以下,ﾗﾐｾｰﾌｾｷｭﾘﾃｨｰ(30mil)FL10+FL10,ﾗﾐｾｰﾌｾｷｭﾘﾃｨｰ(30mil)FL10+FL10,1
強化ｶﾞﾗｽ厚52.00m2以下,ﾃﾝﾊﾟﾗｲﾄ(透明ﾌﾛｰﾄ)５㍉,ﾃﾝﾊﾟﾗｲﾄ(透明ﾌﾛｰﾄ)５㍉,1
合わせｶﾞﾗｽ強化t8+強化t8,ﾗﾐｾｰﾌｾｷｭﾘﾃｨｰ(60mil)強化8+強化8,ﾗﾐｾｰﾌｾｷｭﾘﾃｨｰ(60mil)強化8+強化8,1
LEa複層ｶﾞﾗｽLowe6+A12+FL84.00m2以下,ｻﾝﾊﾞﾗﾝｽLow-E6+A12+FL8,ｻﾝﾊﾞﾗﾝｽLow-E6+A12+FL8,1
強化ガラス戸t10W850×H2075,ﾃﾝﾊﾟﾗｲﾄ(透明ﾌﾛｰﾄ)１０㍉,ﾃﾝﾊﾟﾗｲﾄ(透明ﾌﾛｰﾄ)１０㍉,1
複層ｶﾞﾗｽFTP5+A12+FL54.0㎡以下,ﾏｲﾎﾞｰｶﾍﾟｱ耐熱強化5+A12+FL5,ﾏｲﾎﾞｰｶﾍﾟｱ耐熱強化5+A12+FL5,1
強化合わせｶﾞﾗｽ厚10.0+8.0H=1050,ﾗﾐｾｰﾌｾｷｭﾘﾃｨｰ(60mil)強化8+強化10H1050,ﾗﾐｾｰﾌｾｷｭﾘﾃｨｰ(60mil)強化8+強化10H1050,1
複層ガラスt326.0㎡以下FL10+A12+Low-E10,ｻﾝﾊﾞﾗﾝｽLow-E10+A12+FL10,ｻﾝﾊﾞﾗﾝｽLow-E10+A12+FL10,1
