x,y
ﾌﾛｰﾄ板ｶﾞﾗｽ厚さ6.0mm_特寸2.18㎡以下,透明フロート_６㍉
強化ｶﾞﾗｽ厚さ12.0mm_平面_6.00㎡以下,ﾃﾝﾊﾟﾗｲﾄ_(透明ﾌﾛｰﾄ)_１２㍉
複層ｶﾞﾗｽLE6+A12+FL5_特寸2.00㎡以下,ｻﾝﾊﾞﾗﾝｽ_Low-E6+A12+FL5
複層ｶﾞﾗｽLE6+A12+FL5_特寸2.00㎡以下,ｻﾝﾊﾞﾗﾝｽ_Low-E6+A12+FL5
複層ｶﾞﾗｽLE6+A12+FL5_特寸4.00㎡以下,ｻﾝﾊﾞﾗﾝｽ_Low-E6+A12+FL5
複層ｶﾞﾗｽLE8+A12+HS8_特寸2.00㎡以下,ｻﾝﾊﾞﾗﾝｽ_Low-E8+A12+HS8
複層ｶﾞﾗｽLE8+A12+HS8_特寸4.00㎡以下,ｻﾝﾊﾞﾗﾝｽ_Low-E8+A12+HS8
複層ｶﾞﾗｽLE8+A12+HS8_特寸6.00㎡以下,ｻﾝﾊﾞﾗﾝｽ_Low-E8+A12+HS8
複層ｶﾞﾗｽLE8+A12+FL8_特寸2.00㎡以下,ｻﾝﾊﾞﾗﾝｽ_Low-E8+A12+FL8
複層ｶﾞﾗｽLE8+A12+FL8_特寸4.00㎡以下,ｻﾝﾊﾞﾗﾝｽ_Low-E8+A12+FL8
複層ｶﾞﾗｽLE8+A12+FL8_特寸6.00㎡以下,ｻﾝﾊﾞﾗﾝｽ_Low-E8+A12+FL8
複層ｶﾞﾗｽ強化LE8+A12+TG8_特寸2.00㎡以下,ｻﾝﾊﾞﾗﾝｽ_Low-E強化8+A12+強化8
複層ｶﾞﾗｽ強化LE8+A12+TG8_特寸4.00㎡以下,ｻﾝﾊﾞﾗﾝｽ_Low-E強化8+A12+強化8
ﾌﾛｰﾄ板ｶﾞﾗｽ厚さ6.0mm_120×1800(HSD-101a),透明フロート_６㍉
ﾌﾛｰﾄ板ｶﾞﾗｽ厚さ6.0mm_900×295(SD-301),透明フロート_６㍉
ﾌﾛｰﾄ板ｶﾞﾗｽ厚さ6.0mm_1800×295(SD-303他),透明フロート_６㍉
ﾌﾛｰﾄ板ｶﾞﾗｽ厚さ6.0mm_特寸2.18㎡以下,透明フロート_６㍉
ﾌﾛｰﾄ板ｶﾞﾗｽ厚さ10.0mm_特寸2.18㎡以下,透明フロート_１０㍉
ﾌﾛｰﾄ板ｶﾞﾗｽ厚さ12.0mm_特寸2.18㎡以下,透明フロート_１２㍉
ﾌﾛｽﾄｶﾞﾗｽ厚さ4.0mm_120×120(SD-112),型板ガラス_４㍉
ﾌﾛｽﾄｶﾞﾗｽ厚さ4.0mm_120×800(LD-K03他),型板ガラス_４㍉
ﾌﾛｽﾄｶﾞﾗｽ厚さ4.0mm_120×1800(SD-207他),型板ガラス_４㍉
ﾌﾛｽﾄｶﾞﾗｽ厚さ4.0mm_150×150(SD-202他),型板ガラス_４㍉
ﾌﾛｽﾄｶﾞﾗｽ厚さ8.0mm_特寸2.18㎡以下,フロストグラス（プレーン）_８㍉
網入みがき板ｶﾞﾗｽ厚さ6.8_120×1800_ひし(HSD-101他),網入磨ガラス_６．８㍉
強化ｶﾞﾗｽ厚さ8.0mm_250×500(SSD-101),ﾃﾝﾊﾟﾗｲﾄ_(透明ﾌﾛｰﾄ)_８㍉
強化ｶﾞﾗｽ厚さ12.0mm_平面_4.00㎡以下,ﾃﾝﾊﾟﾗｲﾄ_(透明ﾌﾛｰﾄ)_１２㍉
強化ｶﾞﾗｽ厚さ12.0mm_平面_6.00㎡以下,ﾃﾝﾊﾟﾗｲﾄ_(透明ﾌﾛｰﾄ)_１２㍉
耐熱強化ｶﾞﾗｽ厚さ5.0mm_120×1800(SD-106'他),ﾏｲﾎﾞｰｶ_(透明ﾌﾛｰﾄ)_５㍉
耐熱強化ｶﾞﾗｽ厚さ5.0mm_2400×1400欠け:2400×860÷2(SW-607),ﾏｲﾎﾞｰｶ_(透明ﾌﾛｰﾄ)_５㍉
耐熱強化ｶﾞﾗｽ厚さ6.5mm_平面_2.00㎡以下,ﾏｲﾎﾞｰｶ_(透明ﾌﾛｰﾄ)_６.５㍉
耐熱強化ｶﾞﾗｽ厚さ8.0mm_平面_2.00㎡以下,ﾏｲﾎﾞｰｶ_(透明ﾌﾛｰﾄ)_８㍉
ﾌﾛｽﾄｶﾞﾗｽ厚さ4.0mm_120×1800,型板ガラス_４㍉
強化型板ｶﾞﾗｽW850×H2450_厚8.0,フロスト熱処理ガラス_８㍉
強化型板ｶﾞﾗｽW850×H2600_厚8.0,フロスト熱処理ガラス_８㍉
強化合わせｶﾞﾗｽ厚10.0+8.0H=1050,ﾗﾐｾｰﾌｾｷｭﾘﾃｨｰ(60mil)_強化8+強化10_H1050
ﾌﾛｰﾄ板ｶﾞﾗｽ厚さ6.0mm_特寸2.18㎡以下,透明フロート_６㍉
強化ｶﾞﾗｽ厚さ12.0mm_平面_4.00㎡以下,ﾃﾝﾊﾟﾗｲﾄ_(透明ﾌﾛｰﾄ)_１２㍉
複層ｶﾞﾗｽLE6+A12+FL5_特寸2.00㎡以下,ｻﾝﾊﾞﾗﾝｽ_Low-E6+A12+FL5
複層ｶﾞﾗｽLE6+A12+FL5_特寸4.00㎡以下,ｻﾝﾊﾞﾗﾝｽ_Low-E6+A12+FL5
複層ｶﾞﾗｽLE6+A12+HTG5_特寸2.00㎡以下,ｻﾝﾊﾞﾗﾝｽ_Low-E6+A12+耐熱強化5
複層ｶﾞﾗｽLE6+A12+FL5_特寸2.00㎡以下,ｻﾝﾊﾞﾗﾝｽ_Low-E6+A12+FL5
複層ｶﾞﾗｽ強化LE8+A12+TG8_特寸4.00㎡以下,ｻﾝﾊﾞﾗﾝｽ_Low-E強化8+A12+強化8
ﾌﾛｰﾄ板ｶﾞﾗｽ厚さ6.0mm_900×295(SD-301),透明フロート_６㍉
ﾌﾛｰﾄ板ｶﾞﾗｽ厚さ6.0mm_1800×295(SD-303他),透明フロート_６㍉
ﾌﾛｰﾄ板ｶﾞﾗｽ厚さ6.0mm_特寸2.18㎡以下,透明フロート_６㍉
ﾌﾛｰﾄ板ｶﾞﾗｽ厚さ8.0mm_特寸2.18㎡以下,透明フロート_８㍉
ﾌﾛｽﾄｶﾞﾗｽ厚さ4.0mm_120×800(LD-K03他),型板ガラス_４㍉
ﾌﾛｽﾄｶﾞﾗｽ厚さ4.0mm_120×1800(SD-207他),型板ガラス_４㍉
ﾌﾛｽﾄｶﾞﾗｽ厚さ4.0mm_150×150,型板ガラス_４㍉
ﾌﾛｽﾄｶﾞﾗｽ厚さ15.0mm_特寸4.45㎡以下,フロストグラス（プレーン）_１５㍉
強化ｶﾞﾗｽ厚さ12.0mm_平面_2.00㎡以下,ﾃﾝﾊﾟﾗｲﾄ_(透明ﾌﾛｰﾄ)_１２㍉
強化ｶﾞﾗｽ厚さ12.0mm_平面_4.00㎡以下,ﾃﾝﾊﾟﾗｲﾄ_(透明ﾌﾛｰﾄ)_１２㍉
耐熱強化ｶﾞﾗｽ厚さ5.0mm_平面_2.00㎡以下,ﾏｲﾎﾞｰｶ_(透明ﾌﾛｰﾄ)_５㍉
耐熱強化ｶﾞﾗｽ厚さ6.5mm_平面_2.00㎡以下,ﾏｲﾎﾞｰｶ_(透明ﾌﾛｰﾄ)_６.５㍉
ﾌﾛｽﾄｶﾞﾗｽ厚さ4.0mm_120×1800,型板ガラス_４㍉
ﾌﾛｽﾄｶﾞﾗｽ厚さ4.0mm_150×150,型板ガラス_４㍉
強化型板ｶﾞﾗｽW850×H2450_厚8.0,フロスト熱処理ガラス_８㍉
強化合わせｶﾞﾗｽ厚10.0+8.0H=1000,ﾗﾐｾｰﾌｾｷｭﾘﾃｨｰ(60mil)_強化8+強化10_H1000
複層ｶﾞﾗｽLE6+A12+FL5_特寸2.00㎡以下,ｻﾝﾊﾞﾗﾝｽ_Low-E6+A12+FL5
姿見鏡W450×H2100_厚5.0_防錆鏡,ｻﾝﾐﾗｰ_ﾃﾞﾗｯｸｽ_５㍉･･･壁面／洗面
化粧鏡W300×H450_厚5.0_防錆鏡,ｻﾝﾐﾗｰ_ﾃﾞﾗｯｸｽ_５㍉･･･壁面／洗面
化粧鏡W300×H1150_厚5.0_防錆鏡,ｻﾝﾐﾗｰ_ﾃﾞﾗｯｸｽ_５㍉･･･壁面／洗面
化粧鏡W400×H600_厚5.0_防錆鏡,ｻﾝﾐﾗｰ_ﾃﾞﾗｯｸｽ_５㍉･･･壁面／洗面
化粧鏡W400×H800_厚5.0_防錆鏡,ｻﾝﾐﾗｰ_ﾃﾞﾗｯｸｽ_５㍉･･･壁面／洗面
化粧鏡W400×H1200_厚5.0_防錆鏡,ｻﾝﾐﾗｰ_ﾃﾞﾗｯｸｽ_５㍉･･･壁面／洗面
化粧鏡W450×H900_厚5.0_防錆鏡,ｻﾝﾐﾗｰ_ﾃﾞﾗｯｸｽ_５㍉･･･壁面／洗面
姿見鏡W450×H2100_厚5.0_防錆鏡,ｻﾝﾐﾗｰ_ﾃﾞﾗｯｸｽ_５㍉･･･壁面／洗面
化粧鏡W300×H1150_厚5.0_防錆鏡,ｻﾝﾐﾗｰ_ﾃﾞﾗｯｸｽ_５㍉･･･壁面／洗面
化粧鏡W400×H800_厚5.0_防錆鏡,ｻﾝﾐﾗｰ_ﾃﾞﾗｯｸｽ_５㍉･･･壁面／洗面
化粧鏡W450×H900_厚5.0_防錆鏡,ｻﾝﾐﾗｰ_ﾃﾞﾗｯｸｽ_５㍉･･･壁面／洗面
化粧鏡W450×H900_厚5.0_防錆鏡,ｻﾝﾐﾗｰ_ﾃﾞﾗｯｸｽ_５㍉･･･壁面／洗面
ﾌﾛｰﾄ板ｶﾞﾗｽ厚6_2.18㎡以下,透明フロート_６㍉
強化ｶﾞﾗｽ厚5_2.00㎡以下,ﾃﾝﾊﾟﾗｲﾄ_(透明ﾌﾛｰﾄ)_５㍉
合わせｶﾞﾗｽPSG5+PSG5_2.00㎡以下,ﾗﾐｾｰﾌｾｷｭﾘﾃｨｰ(30mil)_FL5+FL5
合わせｶﾞﾗｽPSG8+PSG8_2.00㎡以下,ﾗﾐｾｰﾌｾｷｭﾘﾃｨｰ(30mil)_FL8+FL8
合わせｶﾞﾗｽPSG8+PSG8_4.00㎡以下,ﾗﾐｾｰﾌｾｷｭﾘﾃｨｰ(30mil)_FL8+FL8
複層ｶﾞﾗｽPSG6+A6+FG6_2.00㎡以下,ﾍﾟｱｶﾞﾗｽ_型6+A6+FL6
複層ｶﾞﾗｽPSG6+A6+PSG6_2.00㎡以下,ﾍﾟｱｶﾞﾗｽ_FL6+A6+FL6
複層ｶﾞﾗｽPWG6.8+A6+FG6_2.00㎡以下,ﾍﾟｱｶﾞﾗｽ_PW6.8+A6+型6
複層ｶﾞﾗｽPWG6.8+A6+PSG6_2.00㎡以下,ﾍﾟｱｶﾞﾗｽ_PW6.8+A6+FL6
ﾌﾛｰﾄ板ｶﾞﾗｽ厚3_2.18㎡以下,透明フロート_３㍉
ﾌﾛｰﾄ板ｶﾞﾗｽ厚3_2.18㎡以下,透明フロート_３㍉
ﾌﾛｰﾄ板ｶﾞﾗｽ厚3_100×200,透明フロート_３㍉
ﾌﾛｰﾄ板ｶﾞﾗｽ厚3_100×200,透明フロート_３㍉
ﾌﾛｰﾄ板ｶﾞﾗｽ厚5_2.18㎡以下,透明フロート_５㍉
ﾌﾛｰﾄ板ｶﾞﾗｽ厚6_2.18㎡以下,透明フロート_６㍉
型板ｶﾞﾗｽ厚4_2.18㎡以下,型板ガラス_４㍉
型板ｶﾞﾗｽ厚4_100×200,型板ガラス_４㍉
型板ｶﾞﾗｽ厚4_150×150,型板ガラス_４㍉
強化ｶﾞﾗｽ厚5_2.00㎡以下,ﾃﾝﾊﾟﾗｲﾄ_(透明ﾌﾛｰﾄ)_５㍉
強化ｶﾞﾗｽ厚5_4.00㎡以下,ﾃﾝﾊﾟﾗｲﾄ_(透明ﾌﾛｰﾄ)_５㍉
強化ｶﾞﾗｽ厚6_2.00㎡以下,ﾃﾝﾊﾟﾗｲﾄ_(透明ﾌﾛｰﾄ)_６㍉
合わせｶﾞﾗｽPSG5+PSG5_2.00㎡以下,ﾗﾐｾｰﾌｾｷｭﾘﾃｨｰ(30mil)_FL5+FL5
合わせｶﾞﾗｽPSG5+PSG5_4.00㎡以下,ﾗﾐｾｰﾌｾｷｭﾘﾃｨｰ(30mil)_FL5+FL5
合わせｶﾞﾗｽPSG8+PSG8_2.00㎡以下,ﾗﾐｾｰﾌｾｷｭﾘﾃｨｰ(30mil)_FL8+FL8
強化ｶﾞﾗｽ厚12_ﾉﾝｽﾘｯﾌﾟ加工1500×900,〈強化12ﾐﾘ_1500×900(ﾉﾝｽﾘｯﾌﾟ加工)_1枚〉
合わせｶﾞﾗｽ強化ｶﾞﾗｽ_厚12+121500×900,ﾗﾐｾｰﾌｾｷｭﾘﾃｨｰ(60mil)_強化12+強化12
網入磨板ｶﾞﾗｽ厚6.8_2.18㎡以下,網入磨ガラス_６．８㍉
網入型板ｶﾞﾗｽ厚6.8_2.18㎡以下,網入型板ガラス_６．８㍉
網入型板ｶﾞﾗｽ厚6.8_2.18㎡以下,網入型板ガラス_６．８㍉
耐熱強化ｶﾞﾗｽ厚8_2.00㎡以下,ﾏｲﾎﾞｰｶ_(透明ﾌﾛｰﾄ)_８㍉
耐熱強化ｶﾞﾗｽ厚8_4.00㎡以下,ﾏｲﾎﾞｰｶ_(透明ﾌﾛｰﾄ)_８㍉
免震装置用鏡防湿鏡:厚6_W900×H900,ｻﾝﾐﾗｰ_ﾃﾞﾗｯｸｽ_６㍉･･･壁面／洗面
防蝕鏡厚5_W400×H1150,ｻﾝﾐﾗｰ_ﾃﾞﾗｯｸｽ_５㍉･･･壁面／洗面
大型鏡ｽﾃﾝﾚｽW2000×H2000,〈ｽﾃﾝﾚｽ製_W2000×H2000_1枚〉
鏡防湿鏡_厚5,ｻﾝﾐﾗｰ_ﾃﾞﾗｯｸｽ_５㍉･･･壁面／洗面
鏡防湿鏡_厚5,ｻﾝﾐﾗｰ_ﾃﾞﾗｯｸｽ_５㍉･･･壁面／洗面
防湿鏡厚5_W400×H1100ｽﾃﾝﾚｽ枠_厚2.0曲加工,ｻﾝﾐﾗｰ_ﾃﾞﾗｯｸｽ_５㍉･･･壁面／洗面
複層ｶﾞﾗｽFL5+A6+FL5_2.00m2以下,ﾍﾟｱｶﾞﾗｽ_FL5+A6+FL5
複層ｶﾞﾗｽFL6+A12+FL6_2.00m2以下,ﾍﾟｱｶﾞﾗｽ_FL6+A12+FL6
複層ｶﾞﾗｽFL6+A12+FL6_4.00m2以下,ﾍﾟｱｶﾞﾗｽ_FL6+A12+FL6
複層ｶﾞﾗｽFL6+A12+FL6_6.00m2以下,ﾍﾟｱｶﾞﾗｽ_FL6+A12+FL6
手術室OP3､9複層ｶﾞﾗｽFL6+A12+鉛入144.00m2以下,〈手術室OP3､9_複層ｶﾞﾗｽ_FL6+A12+鉛入14〉
複層ｶﾞﾗｽFL6+A12+P6.8_2.00m2以下,ﾍﾟｱｶﾞﾗｽ_PW6.8+A12+FL6
複層ｶﾞﾗｽFL8+A12+FL8_4.00m2以下,ﾍﾟｱｶﾞﾗｽ_FL8+A12+FL8
複層ｶﾞﾗｽFL10+A12+FL10_2.00m2以下,ﾍﾟｱｶﾞﾗｽ_FL10+A12+FL10
複層ｶﾞﾗｽFL10+A12+FL10_4.00m2以下,ﾍﾟｱｶﾞﾗｽ_FL10+A12+FL10
引違ｶﾞﾗｽ戸ﾌﾛｰﾄ_厚5_800×600,_透明フロート_５㍉
2連引違ｶﾞﾗｽ戸ﾌﾛｰﾄ_厚5_2000×600,_透明フロート_５㍉
引違ｶﾞﾗｽ戸ﾌﾛｰﾄ_厚5_800×600,_透明フロート_５㍉
引違ｶﾞﾗｽ戸ﾌﾛｰﾄ_厚5_800×600,_透明フロート_５㍉
ﾌﾛｰﾄｶﾞﾗｽ厚5_2.18m2以下,透明フロート_５㍉
ﾌﾛｰﾄｶﾞﾗｽ厚5_4.45m2以下,透明フロート_５㍉
ﾌﾛｰﾄｶﾞﾗｽ厚5_100×1800ﾀﾍﾟｽﾄﾘｰ加工,フロストグラス_５㍉
ﾌﾛｰﾄｶﾞﾗｽ厚5_150×1500ﾀﾍﾟｽﾄﾘｰ加工,フロストグラス_５㍉
ﾌﾛｰﾄｶﾞﾗｽ厚8_6.81m2以下,透明フロート_８㍉
型板ｶﾞﾗｽ厚4_100×800ﾀﾍﾟｽﾄﾘｰ加工,型板ガラス_４㍉
型板ｶﾞﾗｽ厚4_100×1500ﾀﾍﾟｽﾄﾘｰ加工,型板ガラス_４㍉
型板ｶﾞﾗｽ厚4_100×1800ﾀﾍﾟｽﾄﾘｰ加工,型板ガラス_４㍉
型板ｶﾞﾗｽ厚4_150×1500ﾀﾍﾟｽﾄﾘｰ加工,型板ガラス_４㍉
型板ｶﾞﾗｽ厚4_200×100ﾀﾍﾟｽﾄﾘｰ加工,型板ガラス_４㍉
強化ｶﾞﾗｽ厚5_2.00m2以下,ﾃﾝﾊﾟﾗｲﾄ_(透明ﾌﾛｰﾄ)_５㍉
強化ｶﾞﾗｽ厚5_150×1500ﾀﾍﾟｽﾄﾘｰ加工,フロスト熱処理ガラス_５㍉
強化ｶﾞﾗｽ厚6_2.00m2以下,ﾃﾝﾊﾟﾗｲﾄ_(透明ﾌﾛｰﾄ)_６㍉
ﾌﾛｰﾄｶﾞﾗｽ厚5_340×869,透明フロート_５㍉
ﾌﾞﾗｲﾝﾄﾞ内蔵ｶﾞﾗｽﾌﾛｰﾄ6+ﾌﾞﾗｲﾝﾄﾞ+ﾌﾛｰﾄ5900×1100,〈ﾌﾞﾗｲﾝﾄﾞ内蔵ｶﾞﾗｽ_FL6+ﾌﾞﾗｲﾝﾄﾞ+FL5〉
ﾌﾞﾗｲﾝﾄﾞ内蔵ｶﾞﾗｽﾌﾛｰﾄ6+ﾌﾞﾗｲﾝﾄﾞ+ﾌﾛｰﾄ5780×1100,〈ﾌﾞﾗｲﾝﾄﾞ内蔵ｶﾞﾗｽ_FL6+ﾌﾞﾗｲﾝﾄﾞ+FL5〉
ﾌﾞﾗｲﾝﾄﾞ内蔵ｶﾞﾗｽﾌﾛｰﾄ6+ﾌﾞﾗｲﾝﾄﾞ+ﾌﾛｰﾄ5842×1100,〈ﾌﾞﾗｲﾝﾄﾞ内蔵ｶﾞﾗｽ_FL6+ﾌﾞﾗｲﾝﾄﾞ+FL5〉
ﾌﾞﾗｲﾝﾄﾞ内蔵ｶﾞﾗｽﾌﾛｰﾄ6+ﾌﾞﾗｲﾝﾄﾞ+ﾌﾛｰﾄ5987×1100,〈ﾌﾞﾗｲﾝﾄﾞ内蔵ｶﾞﾗｽ_FL6+ﾌﾞﾗｲﾝﾄﾞ+FL5〉
防犯合わせｶﾞﾗｽFL10+FL10_4.00m2以下,ﾗﾐｾｰﾌｾｷｭﾘﾃｨｰ(30mil)_FL10+FL10
ﾀﾞﾌﾞﾙｶﾞﾗｽﾄﾞｱ強化5+強化5_900×2700,ﾗﾐｾｰﾌｾｷｭﾘﾃｨｰ(60mil)_強化5+強化5
強化合わせｶﾞﾗｽ厚6+厚6_2.00m2以下,ﾗﾐｾｰﾌｾｷｭﾘﾃｨｰ(60mil)_強化6+強化6
強化合わせｶﾞﾗｽ厚6+厚6_4.00m2以下,ﾗﾐｾｰﾌｾｷｭﾘﾃｨｰ(60mil)_強化6+強化6
化粧鏡300×600×厚5,サンミラー_５㍉･･･壁面／洗面
化粧鏡360×1700×厚5,サンミラー_５㍉･･･壁面／洗面
化粧鏡450×600×厚5,サンミラー_５㍉･･･壁面／洗面
化粧鏡500×1000×厚5,サンミラー_５㍉･･･壁面／洗面
化粧鏡450×1000×厚5,サンミラー_５㍉･･･壁面／洗面
ｶﾞﾗｽ手摺用ｶﾞﾗｽｶﾞﾗｽ:強化合せｶﾞﾗｽ_厚10+10,ﾗﾐｾｰﾌｾｷｭﾘﾃｨｰ(60mil)_強化10+強化10_H1200
防煙垂壁A網入型板ｶﾞﾗｽ_厚6.8,サンスモークカットＴ_（一般天井用）
自動扉衝突防止柵強化ｶﾞﾗｽ_厚8,ﾃﾝﾊﾟﾗｲﾄ_(透明ﾌﾛｰﾄ)_８㍉
自動扉衝突防止柵強化ｶﾞﾗｽ_厚8,ﾃﾝﾊﾟﾗｲﾄ_(透明ﾌﾛｰﾄ)_８㍉
自動扉衝突防止柵強化ｶﾞﾗｽ_厚8,ﾃﾝﾊﾟﾗｲﾄ_(透明ﾌﾛｰﾄ)_８㍉
自動扉衝突防止柵強化ｶﾞﾗｽ_厚8,ﾃﾝﾊﾟﾗｲﾄ_(透明ﾌﾛｰﾄ)_８㍉
耐熱強化ｶﾞﾗｽt10_4.00m2以下,ﾏｲﾎﾞｰｶ_(透明ﾌﾛｰﾄ)_１０㍉
合わせｶﾞﾗｽﾌﾛ-ﾄt5+ﾌﾛ-ﾄt52.0m2以下,ﾗﾐｾｰﾌｾｷｭﾘﾃｨｰ(30mil)_FL5+FL5
合わせｶﾞﾗｽﾌﾛ-ﾄt5+ﾌﾛ-ﾄt54.0m2以下,ﾗﾐｾｰﾌｾｷｭﾘﾃｨｰ(30mil)_FL5+FL5
合わせｶﾞﾗｽﾌﾛ-ﾄt5+ﾌﾛ-ﾄt56.0m2以下,ﾗﾐｾｰﾌｾｷｭﾘﾃｨｰ(30mil)_FL5+FL5
合わせｶﾞﾗｽﾌﾛ-ﾄt6+ﾌﾛ-ﾄt62.0m2以下,ﾗﾐｾｰﾌｾｷｭﾘﾃｨｰ(30mil)_FL6+FL6
合わせｶﾞﾗｽﾌﾛ-ﾄt6+ﾌﾛ-ﾄt64.0m2以下,ﾗﾐｾｰﾌｾｷｭﾘﾃｨｰ(30mil)_FL6+FL6
合わせｶﾞﾗｽ網入磨t6.8+ﾌﾛ-ﾄt62.0m2以下,ﾗﾐｾｰﾌｾｷｭﾘﾃｨｰ(30mil)_PW6.8+FL6
合わせｶﾞﾗｽ網入磨t6.8+ﾌﾛ-ﾄt64.0m2以下,ﾗﾐｾｰﾌｾｷｭﾘﾃｨｰ(30mil)_PW6.8+FL6
複層ｶﾞﾗｽﾌﾛ-ﾄt6+A6+ﾌﾛ-ﾄt62.0m2以下,ﾍﾟｱｶﾞﾗｽ_FL6+A6+FL6
合わせｶﾞﾗｽﾌﾛ-ﾄt3+ﾌﾛ-ﾄt3W300×H1500,ﾗﾐｾｰﾌｾｷｭﾘﾃｨｰ(30mil)_FL3+FL3
ﾌﾛｰﾄｶﾞﾗｽt8_2.18m2以下,透明フロート_８㍉
ﾌﾛｰﾄｶﾞﾗｽt8_4.45m2以下,透明フロート_８㍉
ﾌﾛｰﾄｶﾞﾗｽt10_4.45m2以下,透明フロート_１０㍉
ﾌﾛｰﾄｶﾞﾗｽt12_2.18m2以下,透明フロート_１２㍉
ﾌﾛｰﾄｶﾞﾗｽt12_4.45m2以下,透明フロート_１２㍉
網入磨ｶﾞﾗｽt10_2.18m2以下,網入磨ガラス_１０㍉
強化ｶﾞﾗｽt10_2.0m2以下(ﾋｰﾄｿｰｸ処理),ﾃﾝﾊﾟﾗｲﾄ_(透明ﾌﾛｰﾄ)_１０㍉
複層ｶﾞﾗｽﾌﾛｰﾄt6+A12+ﾌﾛｰﾄt52.0m2以下,ﾍﾟｱｶﾞﾗｽ_FL5+A12+FL6
複層ｶﾞﾗｽﾌﾛｰﾄt6+A12+ﾌﾛｰﾄt54.0m2以下,ﾍﾟｱｶﾞﾗｽ_FL5+A12+FL6
複層ｶﾞﾗｽﾌﾛｰﾄt8+A12+ﾌﾛｰﾄt64.0m2以下,ﾍﾟｱｶﾞﾗｽ_FL6+A12+FL8
複層ｶﾞﾗｽﾌﾛｰﾄt10+A12+ﾌﾛｰﾄt82.0m2以下,ﾍﾟｱｶﾞﾗｽ_FL8+A12+FL10
複層ｶﾞﾗｽﾌﾛｰﾄt10+A12+ﾌﾛｰﾄt84.0m2以下,ﾍﾟｱｶﾞﾗｽ_FL8+A12+FL10
複層ｶﾞﾗｽ網入磨t6.8+A12+ﾌﾛｰﾄt52.0m2以下,ﾍﾟｱｶﾞﾗｽ_PW6.8+A12+FL5
複層ｶﾞﾗｽ網入磨t10+A12+ﾌﾛｰﾄt82.0m2以下,ﾍﾟｱｶﾞﾗｽ_PW10+A12+FL8
複層ｶﾞﾗｽﾌﾛｰﾄt6+A12+ﾌﾛｰﾄt82.0m2以下,ﾍﾟｱｶﾞﾗｽ_FL6+A12+FL8
複層ｶﾞﾗｽﾌﾛｰﾄt12+A12+ﾌﾛｰﾄt82.0m2以下,ﾍﾟｱｶﾞﾗｽ_FL8+A12+FL12
複層ｶﾞﾗｽﾌﾛｰﾄt12+A12+ﾌﾛｰﾄt84.0m2以下,ﾍﾟｱｶﾞﾗｽ_FL8+A12+FL12
複層ｶﾞﾗｽﾌﾛｰﾄt10+A12+ﾌﾛｰﾄt62.0m2以下,ﾍﾟｱｶﾞﾗｽ_FL6+A12+FL10
複層ｶﾞﾗｽﾌﾛｰﾄt10+A12+ﾌﾛｰﾄt64.0m2以下,ﾍﾟｱｶﾞﾗｽ_FL6+A12+FL10
複層ｶﾞﾗｽﾌﾛｰﾄt6+A12+網入型t6.82.0m2以下,ﾍﾟｱｶﾞﾗｽ_FW6.8+A12+FL6
ﾌﾛｰﾄｶﾞﾗｽt5_2.18m2以下,透明フロート_５㍉
耐熱強化ｶﾞﾗｽt10_2.00m2以下,ﾏｲﾎﾞｰｶ_(透明ﾌﾛｰﾄ)_１０㍉
合わせｶﾞﾗｽﾌﾛ-ﾄt5+ﾌﾛ-ﾄt54.0m2以下,ﾗﾐｾｰﾌｾｷｭﾘﾃｨｰ(30mil)_FL5+FL5
合わせｶﾞﾗｽﾌﾛ-ﾄt6+ﾌﾛ-ﾄt64.0m2以下,ﾗﾐｾｰﾌｾｷｭﾘﾃｨｰ(30mil)_FL6+FL6
複層ｶﾞﾗｽﾌﾛ-ﾄt6+A6+ﾌﾛ-ﾄt62.0m2以下,ﾍﾟｱｶﾞﾗｽ_FL6+A6+FL6
合わせｶﾞﾗｽﾌﾛ-ﾄt3+ﾌﾛ-ﾄt3W100×H100,ﾗﾐｾｰﾌｾｷｭﾘﾃｨｰ(30mil)_FL3+FL3
合わせｶﾞﾗｽﾌﾛ-ﾄt3+ﾌﾛ-ﾄt3W100×H950,ﾗﾐｾｰﾌｾｷｭﾘﾃｨｰ(30mil)_FL3+FL3
合わせｶﾞﾗｽﾌﾛ-ﾄt3+ﾌﾛ-ﾄt3W100×H1350,ﾗﾐｾｰﾌｾｷｭﾘﾃｨｰ(30mil)_FL3+FL3
合わせｶﾞﾗｽﾌﾛ-ﾄt3+ﾌﾛ-ﾄt3W150×H1600,ﾗﾐｾｰﾌｾｷｭﾘﾃｨｰ(30mil)_FL3+FL3
合わせｶﾞﾗｽ(ｶﾗｰ中間膜)ﾌﾛ-ﾄt4+ﾌﾛ-ﾄt40.8m2以下,カラーラミセーフ_FL4+FL4(30mil)
強化合わせｶﾞﾗｽ(ｶﾗｰ中間膜)強化t5+強化t50.8m2以下(ﾋｰﾄｿｰｸ処理),カラーラミセーフ_強化5+強化5(60mil)
強化合せｶﾞﾗｽ強化t6+強化t62.0m2以下,ﾗﾐｾｰﾌｾｷｭﾘﾃｨｰ(60mil)_強化6+強化6
強化合せｶﾞﾗｽ強化t5+強化t50.8m2以下(ﾋｰﾄｿｰｸ処理),ﾗﾐｾｰﾌｾｷｭﾘﾃｨｰ(60mil)_強化5+強化5
透明ﾌﾛｰﾄ板ｶﾞﾗｽt=6_4.45㎡以下,透明フロート_６㍉
透明ﾌﾛｰﾄ板ｶﾞﾗｽt=12_4.45㎡以下,透明フロート_１５㍉
透明ﾌﾛｰﾄ板ｶﾞﾗｽt=15_4.45㎡以下,透明フロート_１５㍉
透明ﾌﾛｰﾄ板ｶﾞﾗｽt=15_6.81㎡以下,透明フロート_１５㍉
透明ﾌﾛｰﾄ板ｶﾞﾗｽt=15_2554×2800,透明フロート_１５㍉
透明ﾌﾛｰﾄ板ｶﾞﾗｽt=15_2588×2800,透明フロート_１５㍉
透明ﾌﾛｰﾄ板ｶﾞﾗｽt=15_2709×2800,透明フロート_１５㍉
透明ﾌﾛｰﾄ板ｶﾞﾗｽt=15_3004×2800,透明フロート_１５㍉
透明ﾌﾛｰﾄ板ｶﾞﾗｽt=15_3269×2800,透明フロート_１９㍉
透明ﾌﾛｰﾄ板ｶﾞﾗｽt=15_3345×2800,透明フロート_１９㍉
透明ﾌﾛｰﾄ板ｶﾞﾗｽt=15_3400×2800,網入磨ガラス_１０㍉
透明ﾌﾛｰﾄ板ｶﾞﾗｽt=15_3463×2800,ﾃﾝﾊﾟﾗｲﾄ_(透明ﾌﾛｰﾄ)_１２㍉
透明ﾌﾛｰﾄ板ｶﾞﾗｽt=15_3556×2000,ﾍﾟｱｶﾞﾗｽ_FL5+A12+FL5
透明ﾌﾛｰﾄ板ｶﾞﾗｽt=15_3681×2800,ﾏｲﾎﾞｰｶﾍﾟｱ_耐熱強化5+A12+FL5
透明ﾌﾛｰﾄ板ｶﾞﾗｽt=15_4440×1735,透明フロート_１５㍉
透明ﾌﾛｰﾄ板ｶﾞﾗｽt=19_6.81㎡以下,透明フロート_１９㍉
透明ﾌﾛｰﾄ板ｶﾞﾗｽt=19_2779×2800,透明フロート_１９㍉
透明ﾌﾛｰﾄ板ｶﾞﾗｽt=19_4350×2800,透明フロート_１９㍉
透明ﾌﾛｰﾄ板ｶﾞﾗｽt=19_4440×2800,透明フロート_１９㍉
網入透明板ｶﾞﾗｽt=6.8_2.18㎡以下,網入磨ガラス_６．８㍉
網入透明板ｶﾞﾗｽt=10_4.45㎡以下,網入磨ガラス_１０㍉
網入透明板ｶﾞﾗｽt=10_6.81㎡以下,網入磨ガラス_１０㍉
強化透明ﾌﾛｰﾄ板ｶﾞﾗｽt=12_4.0㎡以下,ﾃﾝﾊﾟﾗｲﾄ_(透明ﾌﾛｰﾄ)_１２㍉
合せｶﾞﾗｽFL12+FL84.0㎡以下,ﾗﾐｾｰﾌｾｷｭﾘﾃｨｰ(30mil)_FL8+FL12
複層ｶﾞﾗｽFL5+A12+FL52.0㎡以下,ﾍﾟｱｶﾞﾗｽ_FL5+A12+FL5
複層ｶﾞﾗｽFL5+A12+FL54.0㎡以下,ﾍﾟｱｶﾞﾗｽ_FL5+A12+FL5
複層ｶﾞﾗｽFTP5+A12+FL52.0㎡以下,ﾏｲﾎﾞｰｶﾍﾟｱ_耐熱強化5+A12+FL5
複層ｶﾞﾗｽFTP5+A12+FL54.0㎡以下,ﾏｲﾎﾞｰｶﾍﾟｱ_耐熱強化5+A12+FL5
強化透明ﾌﾛｰﾄ板ｶﾞﾗｽt=12_2.0㎡以下,ﾃﾝﾊﾟﾗｲﾄ_(透明ﾌﾛｰﾄ)_１２㍉
強化透明ﾌﾛｰﾄ板ｶﾞﾗｽt=12_4.0㎡以下,ﾃﾝﾊﾟﾗｲﾄ_(透明ﾌﾛｰﾄ)_１２㍉
強化透明ﾌﾛｰﾄ板ｶﾞﾗｽt=12_6.0㎡以下,ﾃﾝﾊﾟﾗｲﾄ_(透明ﾌﾛｰﾄ)_１２㍉
強化透明ﾌﾛｰﾄ板ｶﾞﾗｽt=12_3313×2400,ﾃﾝﾊﾟﾗｲﾄ_(透明ﾌﾛｰﾄ)_１２㍉
強化透明ﾌﾛｰﾄ板ｶﾞﾗｽt=12_3770×2400,ﾃﾝﾊﾟﾗｲﾄ_(透明ﾌﾛｰﾄ)_１２㍉
化粧鏡L2390×H1000,サンミラー_５㍉･･･壁面／洗面
化粧鏡L1800×H1000,サンミラー_５㍉･･･壁面／洗面
化粧鏡L1800×H1000,サンミラー_５㍉･･･壁面／洗面
化粧鏡L1500×H1000,サンミラー_５㍉･･･壁面／洗面
化粧鏡L2035×H1000,サンミラー_５㍉･･･壁面／洗面
フロートガラスt5_W40×H1700,透明フロート_５㍉
フロートガラスt6_2.18㎡以下,透明フロート_６㍉
フロートガラスt8_4.45㎡以下,透明フロート_８㍉
フロートガラスt10_2.18㎡以下,透明フロート_１０㍉
フロートガラスt10_4.45㎡以下,透明フロート_１０㍉
フロートガラスt12_4.45㎡以下,透明フロート_１２㍉
フロートガラスt12_6.81㎡以下,透明フロート_１２㍉
複層ガラスt16_2.0㎡以下FL5+A6+FL5,ﾍﾟｱｶﾞﾗｽ_FL5+A6+FL5
複層ガラスt23_2.0㎡以下FL5+A12+Low-E6,ｻﾝﾊﾞﾗﾝｽ_Low-E6+A12+FL5
複層ガラスt23_4.0㎡以下FL5+A12+Low-E6,ｻﾝﾊﾞﾗﾝｽ_Low-E6+A12+FL5
複層ガラスt24_4.0㎡以下FL6+A12+Low-E6,ｻﾝﾊﾞﾗﾝｽ_Low-E6+A12+FL6
複層ガラスt26_6.0㎡以下FL6+A12+Low-E8,ｻﾝﾊﾞﾗﾝｽ_Low-E8+A12+FL6
複層ガラスt26_W1500×H3057FL6+A12+Low-E8,ｻﾝﾊﾞﾗﾝｽ_Low-E8+A12+FL6
複層ガラスt26_W1500×H3450FL6+A12+Low-E8,ｻﾝﾊﾞﾗﾝｽ_Low-E8+A12+FL6
複層ガラスt28_2.0㎡以下FL8+A12+Low-E8,ｻﾝﾊﾞﾗﾝｽ_Low-E8+A12+FL8
複層ガラスt28_6.0㎡以下FL8+A12+Low-E8,ｻﾝﾊﾞﾗﾝｽ_Low-E8+A12+FL8
複層ガラスt22_W1130×H3548.6FL8+A6+FL8,ﾍﾟｱｶﾞﾗｽ_FL8+A6+FL8(L)
複層ガラスt24_W1565×H3630FL8+A6+FL10,ﾍﾟｱｶﾞﾗｽ_FL8+A6+FL10(L)
複層ガラスt30_W700×H3548FL8+A12+Low-E10,ｻﾝﾊﾞﾗﾝｽ_Low-E10+A12+FL8(L)
複層ガラスt30_W1410×H3548FL8+A12+Low-E10,ｻﾝﾊﾞﾗﾝｽ_Low-E10+A12+FL8(L)
複層ガラスt30_W1500×H3079.4FL8+A12+Low-E10,ｻﾝﾊﾞﾗﾝｽ_Low-E10+A12+FL8
複層ガラスt30_W1500×H3179.7FL8+A12+Low-E10,ｻﾝﾊﾞﾗﾝｽ_Low-E10+A12+FL8
複層ガラスt30_W1500×H4563FL8+A12+Low-E10,ｻﾝﾊﾞﾗﾝｽ_Low-E10+A12+FL8(L)
複層ガラスt30_W1500×H4715FL8+A12+Low-E10,ｻﾝﾊﾞﾗﾝｽ_Low-E10+A12+FL8(L)
複層ガラスt30_W1500×H4876FL8+A12+Low-E10,ｻﾝﾊﾞﾗﾝｽ_Low-E10+A12+FL8(L)
複層ガラスt32_4.0㎡以下FL10+A12+Low-E10,ｻﾝﾊﾞﾗﾝｽ_Low-E10+A12+FL10
複層ガラスt32_6.0㎡以下FL10+A12+Low-E10,ｻﾝﾊﾞﾗﾝｽ_Low-E10+A12+FL10
複層ガラスt32_W700×H3730FL10+A12+Low-E10,ｻﾝﾊﾞﾗﾝｽ_Low-E10+A12+FL10(L)
複層ガラスt32_W1185×H3730FL10+A12+Low-E10,ｻﾝﾊﾞﾗﾝｽ_Low-E10+A12+FL10(L)
複層ガラスt32_W1200×H3730FL10+A12+Low-E10,ｻﾝﾊﾞﾗﾝｽ_Low-E10+A12+FL10(L)
複層ガラスt32_W1375×H3730FL10+A12+Low-E10,ｻﾝﾊﾞﾗﾝｽ_Low-E10+A12+FL10(L)
複層ガラスt32_W1500×H5015.8FL10+A12+Low-E10,ｻﾝﾊﾞﾗﾝｽ_Low-E10+A12+FL10(L)
複層ガラスt32_W3825×H1800FL10+A12+Low-E10,ｻﾝﾊﾞﾗﾝｽ_Low-E10+A12+FL10(L)
複層ガラスt36_4.0㎡以下FL12+A12+Low-E12,ｻﾝﾊﾞﾗﾝｽ_Low-E12+A12+FL12
複層ガラスt36_6.0㎡以下FL12+A12+Low-E12,ｻﾝﾊﾞﾗﾝｽ_Low-E12+A12+FL12
複層ガラスt36_W3700×H1800FL12+A12+Low-E12,ｻﾝﾊﾞﾗﾝｽ_Low-E12+A12+FL12(L)
複層ガラスt36_W3875×H1800FL12+A12+Low-E12,ｻﾝﾊﾞﾗﾝｽ_Low-E12+A12+FL12(L)
複層ガラスt36_W4500×H1800FL12+A12+Low-E12,ｻﾝﾊﾞﾗﾝｽ_Low-E12+A12+FL12(L)
複層ガラスPWt6.8+A+FL10_2.0㎡,ﾍﾟｱｶﾞﾗｽ_PW6.8+A12+FL10
強化ガラスt10_2.0㎡以下,ﾃﾝﾊﾟﾗｲﾄ_(透明ﾌﾛｰﾄ)_１０㍉
強化ガラスt10_4.0㎡以下,ﾃﾝﾊﾟﾗｲﾄ_(透明ﾌﾛｰﾄ)_１０㍉
強化ガラスt12_4.0㎡以下,ﾃﾝﾊﾟﾗｲﾄ_(透明ﾌﾛｰﾄ)_１２㍉
耐熱ガラスt6.5_W1375×H2050,ﾏｲﾎﾞｰｶ_(透明ﾌﾛｰﾄ)_６.５㍉
耐熱ガラスt8_W1500×H2855,ﾏｲﾎﾞｰｶ_(透明ﾌﾛｰﾄ)_８㍉
フロートガラスt5_100x100,透明フロート_５㍉
フロートガラスt5_W40xH1700,透明フロート_５㍉
フロートガラスt6_2.18㎡以下,透明フロート_６㍉
フロートガラスt6_4.45㎡以下,透明フロート_６㍉
フロートガラスt8_2.18㎡以下,透明フロート_８㍉
フロートガラスt8_4.45㎡以下,透明フロート_８㍉
フロートガラスt10_4.45㎡以下,透明フロート_１０㍉
フロートガラスt12_2.18㎡以下,透明フロート_１２㍉
フロートガラスt12_4.45㎡以下,透明フロート_１２㍉
フロートガラスt12_6.81㎡以下,透明フロート_１２㍉
フロートガラスt15_6.81㎡以下,透明フロート_１５㍉
強化ガラスt10_4.0㎡以下,ﾃﾝﾊﾟﾗｲﾄ_(透明ﾌﾛｰﾄ)_１０㍉
強化ガラスt12_4.0㎡以下,ﾃﾝﾊﾟﾗｲﾄ_(透明ﾌﾛｰﾄ)_１２㍉
強化ガラス戸t10_W850×H2000,ﾃﾝﾊﾟﾗｲﾄ_(透明ﾌﾛｰﾄ)_１０㍉
強化ガラス戸t10_W850×H2000,ﾃﾝﾊﾟﾗｲﾄ_(透明ﾌﾛｰﾄ)_１０㍉
強化ガラス戸t10_W850×H2075,ﾃﾝﾊﾟﾗｲﾄ_(透明ﾌﾛｰﾄ)_１０㍉
耐熱ガラスt5_W40×H1700,ﾏｲﾎﾞｰｶ_(透明ﾌﾛｰﾄ)_５㍉
耐熱ガラスt5_W1000×H2200,ﾏｲﾎﾞｰｶ_(透明ﾌﾛｰﾄ)_５㍉
耐熱ガラスt5_W1060×H2400,ﾏｲﾎﾞｰｶ_(透明ﾌﾛｰﾄ)_５㍉
耐熱ガラスt5_W1200×H2200,ﾏｲﾎﾞｰｶ_(透明ﾌﾛｰﾄ)_５㍉
耐熱ガラスt6.5_W1500×H500,ﾏｲﾎﾞｰｶ_(透明ﾌﾛｰﾄ)_６.５㍉
耐熱ガラスt8_W1520×H1500,ﾏｲﾎﾞｰｶ_(透明ﾌﾛｰﾄ)_８㍉
耐熱ガラスt8_W1520×H2250,ﾏｲﾎﾞｰｶ_(透明ﾌﾛｰﾄ)_８㍉
耐熱ガラスt8_W1520×H3100,ﾏｲﾎﾞｰｶ_(透明ﾌﾛｰﾄ)_８㍉
耐熱ガラスt8_W1522×H1018,ﾏｲﾎﾞｰｶ_(透明ﾌﾛｰﾄ)_８㍉
掲示板表:FLｶﾞﾗｽt5,透明フロート_５㍉
ガラス手摺ＡH1800_持ち出しﾀｲﾌﾟﾌﾛｰﾄｶﾞﾗｽt15,透明フロート_１５㍉_H1800
ガラス手摺H1200_斜部強化ｶﾞﾗｽt15,ﾃﾝﾊﾟﾗｲﾄ_(透明ﾌﾛｰﾄ)_１５㍉_H1200_斜部
ガラス手摺H1200_平部強化ｶﾞﾗｽt15,ﾃﾝﾊﾟﾗｲﾄ_(透明ﾌﾛｰﾄ)_１５㍉_H1200_平部
ガラス手摺H1200_平部強化ｶﾞﾗｽt15,ﾃﾝﾊﾟﾗｲﾄ_(透明ﾌﾛｰﾄ)_１５㍉_H1200_平部
ガラス手摺H1200_斜部強化ｶﾞﾗｽt15,ﾃﾝﾊﾟﾗｲﾄ_(透明ﾌﾛｰﾄ)_１５㍉_H1200_斜部
ガラスＥＶ柵強化ｶﾞﾗｽt8,ﾃﾝﾊﾟﾗｲﾄ_(透明ﾌﾛｰﾄ)_８㍉
ガラスパーティションﾌﾛｰﾄｶﾞﾗｽt10,透明フロート_１０㍉
ガラススクリーン合せｶﾞﾗｽ_t6+6,ﾗﾐｾｰﾌｾｷｭﾘﾃｨｰ(30mil)_FL6+FL6
鏡t6_W2300×H1500,サンミラー_６㍉･･･壁面／洗面
鏡t6_W2500×H1500,サンミラー_６㍉･･･壁面／洗面
鏡t6_W2594×H1700,サンミラー_６㍉･･･壁面／洗面
鏡t6_W2496×H1700,サンミラー_６㍉･･･壁面／洗面
鏡t6_W2602×H1700,サンミラー_６㍉･･･壁面／洗面
鏡t6_W2595×H1700,サンミラー_６㍉･･･壁面／洗面
鏡t6_W2543×H1700,サンミラー_６㍉･･･壁面／洗面
鏡t6_W2543×H1700,サンミラー_６㍉･･･壁面／洗面
鏡t6_W2689×H1700,サンミラー_６㍉･･･壁面／洗面
鏡t6_W2790×H1700,サンミラー_６㍉･･･壁面／洗面
鏡t6_W1009×H1700,サンミラー_６㍉･･･壁面／洗面
鏡t6_W1073×H1700,サンミラー_６㍉･･･壁面／洗面
鏡t6_W2400×H1700,サンミラー_６㍉･･･壁面／洗面
鏡t6_W2914×H1700,サンミラー_６㍉･･･壁面／洗面
鏡t6_W2241×H1700,サンミラー_６㍉･･･壁面／洗面
鏡t6_W2066×H1700,サンミラー_６㍉･･･壁面／洗面
フロート板ガラスt6_W40×H1800,透明フロート_６㍉
フロート板ガラスt6_2.18㎡以下,透明フロート_６㍉
複層ガラスt24_2.00㎡以下C6+A12+C6,ﾍﾟｱｶﾞﾗｽ_FL6+A12+FL6
フロート板ガラスt6_W40×H2100,透明フロート_６㍉
フロート板ガラス乳白色t6_W40×H2100,透明フロート_６㍉
化粧鏡t=6_枠:ｽﾃﾝﾚｽ_HL_FB-3×25,サンミラー_６㍉･･･壁面／洗面
姿見t=6,サンミラー_６㍉･･･壁面／洗面
強化ｶﾞﾗｽ厚5_2.00m2以下,ﾃﾝﾊﾟﾗｲﾄ_(透明ﾌﾛｰﾄ)_５㍉
強化ｶﾞﾗｽ厚5_4.00m2以下,ﾃﾝﾊﾟﾗｲﾄ_(透明ﾌﾛｰﾄ)_５㍉
強化ｶﾞﾗｽ厚6_2.00m2以下,ﾃﾝﾊﾟﾗｲﾄ_(透明ﾌﾛｰﾄ)_６㍉
強化ｶﾞﾗｽ厚8_2.00m2以下,ﾃﾝﾊﾟﾗｲﾄ_(透明ﾌﾛｰﾄ)_８㍉
強化ｶﾞﾗｽ厚8_4.00m2以下,ﾃﾝﾊﾟﾗｲﾄ_(透明ﾌﾛｰﾄ)_８㍉
強化ｶﾞﾗｽ厚12_4.00m2以下,ﾃﾝﾊﾟﾗｲﾄ_(透明ﾌﾛｰﾄ)_１２㍉
強化ｶﾞﾗｽ厚12_6.00m2以下,ﾃﾝﾊﾟﾗｲﾄ_(透明ﾌﾛｰﾄ)_１２㍉
LE_a複層ｶﾞﾗｽLowe6+A12+FL6_2.00m2以下,ｻﾝﾊﾞﾗﾝｽ_Low-E6+A12+FL6
LE_a複層ｶﾞﾗｽLowe6+A12+FL6_4.00m2以下,ｻﾝﾊﾞﾗﾝｽ_Low-E6+A12+FL6
LE_a複層ｶﾞﾗｽLowe6+A12+FL6_6.00m2以下,ｻﾝﾊﾞﾗﾝｽ_Low-E6+A12+FL6
LE_a複層ｶﾞﾗｽLowe6+A12+FL8_2.00m2以下,ｻﾝﾊﾞﾗﾝｽ_Low-E6+A12+FL8
LE_a複層ｶﾞﾗｽLowe6+A12+FL8_4.00m2以下,ｻﾝﾊﾞﾗﾝｽ_Low-E6+A12+FL8
LE_a複層ｶﾞﾗｽLowe8+A12+FL8_2.00m2以下,ｻﾝﾊﾞﾗﾝｽ_Low-E8+A12+FL8
LE_a複層ｶﾞﾗｽLowe10+A12+FL10_4.00m2以下,ｻﾝﾊﾞﾗﾝｽ_Low-E10+A12+FL10
LE_a複層ｶﾞﾗｽLowe10+A12+FL10_6.00m2以下,ｻﾝﾊﾞﾗﾝｽ_Low-E10+A12+FL10
LE_a複層ｶﾞﾗｽLowe6+A12+HRT8_2.00m2以下,ｻﾝﾊﾞﾗﾝｽ_Low-E6+A12+耐熱強化8
LE_a複層ｶﾞﾗｽLowe6+A12+HRT8_4.00m2以下,ｻﾝﾊﾞﾗﾝｽ_Low-E6+A12+耐熱強化8
LE_a複層ｶﾞﾗｽLowe6+A12+HRT8_6.00m2以下,ｻﾝﾊﾞﾗﾝｽ_Low-E6+A12+耐熱強化8
AD-1強化ｶﾞﾗｽ厚5150×2310,ﾃﾝﾊﾟﾗｲﾄ_(透明ﾌﾛｰﾄ)_５㍉
LE_a_AD-1複層ｶﾞﾗｽLowe10+A12+FL122827.5×2310,ｻﾝﾊﾞﾗﾝｽ_Low-E10+A12+FL12
LE_a_AW-e2複層ｶﾞﾗｽLowe8+A12+FL8_異形695×3200_(2.0m2),異形ｻﾝﾊﾞﾗﾝｽ_Low-E8+A12+FL8
LE_a_AW-e2複層ｶﾞﾗｽLowe8+A12+FL8_異形695×3500_(2.2m2),異形ｻﾝﾊﾞﾗﾝｽ_Low-E8+A12+FL8
LE_a_AW-e2複層ｶﾞﾗｽLowe8+A12+FL8_異形720×2900_(2.1m2),異形ｻﾝﾊﾞﾗﾝｽ_Low-E8+A12+FL8
LE_a_AW-e2複層ｶﾞﾗｽLowe8+A12+FL8_異形900×700_(0.6m2),異形ｻﾝﾊﾞﾗﾝｽ_Low-E8+A12+FL8
LE_a_AW-e2複層ｶﾞﾗｽLowe8+A12+FL8_異形900×2100_(1.7m2),異形ｻﾝﾊﾞﾗﾝｽ_Low-E8+A12+FL8
LE_a_AW-e2複層ｶﾞﾗｽLowe8+A12+FL8_異形900×2600_(2.1m2),異形ｻﾝﾊﾞﾗﾝｽ_Low-E8+A12+FL8
LE_a_AW-e2複層ｶﾞﾗｽLowe8+A12+FL8_異形900×3100_(2.7m2),異形ｻﾝﾊﾞﾗﾝｽ_Low-E8+A12+FL8
LE_a_AW-e2複層ｶﾞﾗｽLowe8+A12+FL8_異形900×3200_(2.8m2),異形ｻﾝﾊﾞﾗﾝｽ_Low-E8+A12+FL8
LE_a_AW-e2複層ｶﾞﾗｽLowe8+A12+FL8_異形900×3300_(2.7m2),異形ｻﾝﾊﾞﾗﾝｽ_Low-E8+A12+FL8
LE_a_AW-e2複層ｶﾞﾗｽLowe8+A12+FL8_異形900×3400_(3.0m2),異形ｻﾝﾊﾞﾗﾝｽ_Low-E8+A12+FL8
LE_a_AW-e2複層ｶﾞﾗｽLowe8+A12+FL8_異形900×3500_(3.0m2),異形ｻﾝﾊﾞﾗﾝｽ_Low-E8+A12+FL8
LE_a_AW-e2複層ｶﾞﾗｽLowe8+A12+FL8_異形900×3600_(3.2m2),異形ｻﾝﾊﾞﾗﾝｽ_Low-E8+A12+FL8(L)
LE_a_AW-e2複層ｶﾞﾗｽLowe8+A12+FL8_異形900×3700_(3.1m2),異形ｻﾝﾊﾞﾗﾝｽ_Low-E8+A12+FL8(L)
LE_a_AW-e2複層ｶﾞﾗｽLowe8+A12+FL8_異形900×3900_(3.3m2),異形ｻﾝﾊﾞﾗﾝｽ_Low-E8+A12+FL8(L)
LE_a_AW-e2複層ｶﾞﾗｽLowe8+A12+FL8_異形900×4200_(3.6m2),異形ｻﾝﾊﾞﾗﾝｽ_Low-E8+A12+FL8(L)
LE_a_AW-e2複層ｶﾞﾗｽLowe8+A12+FL8_異形900×4600_(4.0m2),異形ｻﾝﾊﾞﾗﾝｽ_Low-E8+A12+FL8(L)
LE_a_AW-e2複層ｶﾞﾗｽLowe8+A12+FL8_異形900×5100_(4.4m2),異形ｻﾝﾊﾞﾗﾝｽ_Low-E8+A12+FL8(L)
郵便受覗き窓:FL-5_W250×H100,透明フロート_５㍉（ｶﾞﾗｽのみ）
ｶﾞﾗｽ手摺平部_高さ1350強化合せｶﾞﾗｽ_厚12+12,ﾗﾐｾｰﾌｾｷｭﾘﾃｨｰ(60mil)_強化12+強化12_H1350
化粧鏡厚5_W500×H1300両端部_幅50_ﾌﾞﾗｽﾄ処理,化粧鏡_5㍉_両端幅50ﾌﾛｽﾄ処理
化粧鏡厚6_W500×H500_ｺｰﾅｰR加工,異形サンミラー_６㍉･･･壁面／洗面
化粧鏡厚6_W1700×H500_ｺｰﾅｰR加工,異形サンミラー_６㍉･･･壁面／洗面
化粧鏡厚6_W1800×H500_ｺｰﾅｰR加工,異形サンミラー_６㍉･･･壁面／洗面
姿見鏡厚6_W400×H2340,サンミラー_６㍉･･･壁面／洗面
姿見鏡厚6_W400×H2375,サンミラー_６㍉･･･壁面／洗面
化粧鏡厚6_W850×H2400,サンミラー_６㍉･･･壁面／洗面
鏡張りW2750×H2400,ｻﾝﾐﾗｰ_５㍉_壁面／洗面_分割前提
ﾌﾛｰﾄｶﾞﾗｽt6,透明フロート_６㍉
ﾌﾛｰﾄｶﾞﾗｽt6,透明フロート_６㍉
ﾌﾛｰﾄｶﾞﾗｽt8,透明フロート_８㍉
合わせｶﾞﾗｽ強化t8+強化t8,ﾗﾐｾｰﾌｾｷｭﾘﾃｨｰ(60mil)_強化8+強化8
合わせｶﾞﾗｽ強化t8+強化t8,ﾗﾐｾｰﾌｾｷｭﾘﾃｨｰ(60mil)_強化8+強化8
合わせｶﾞﾗｽ強化t8+強化t8,ﾗﾐｾｰﾌｾｷｭﾘﾃｨｰ(60mil)_強化8+強化8
合わせｶﾞﾗｽ耐熱強化t8+強化t8,ﾗﾐｾｰﾌｾｷｭﾘﾃｨｰ(60mil)_耐熱強化8+強化8
合わせｶﾞﾗｽ耐熱強化t8+強化t8,ﾗﾐｾｰﾌｾｷｭﾘﾃｨｰ(60mil)_耐熱強化8+強化8
複層ｶﾞﾗｽ網入型t6.8+A12+防犯合(ﾌﾛｰﾄt3+t3),ﾍﾟｱｶﾞﾗｽｾｷｭﾘﾃｨｰ_FL3+FL3(30ﾐﾙ)+A12+FW6.8
複層ｶﾞﾗｽﾌﾛｰﾄt6+A10+LowEt5,ｻﾝﾊﾞﾗﾝｽ_Low-E5+A10+FL6
複層ｶﾞﾗｽﾌﾛｰﾄt6+A10+LowEt5,ｻﾝﾊﾞﾗﾝｽ_Low-E5+A10+FL6
複層ｶﾞﾗｽﾌﾛｰﾄt6+A10+LowEt5,ｻﾝﾊﾞﾗﾝｽ_Low-E5+A10+FL6_※
複層ｶﾞﾗｽﾌﾛｰﾄt8+A10+LowEt8,ｻﾝﾊﾞﾗﾝｽ_Low-E8+A10+FL8
複層ｶﾞﾗｽﾌﾛｰﾄt8+A10+LowEt8,ｻﾝﾊﾞﾗﾝｽ_Low-E8+A10+FL8
複層ｶﾞﾗｽﾌﾛｰﾄt10+A10+LowEt8,ｻﾝﾊﾞﾗﾝｽ_Low-E8+A10+FL10
複層ｶﾞﾗｽﾌﾛｰﾄt10+A10+LowEt10,ｻﾝﾊﾞﾗﾝｽ_Low-E10+A10+FL10
複層ｶﾞﾗｽﾌﾛｰﾄt10+A10+LowEt10,ｻﾝﾊﾞﾗﾝｽ_Low-E10+A10+FL10
複層ｶﾞﾗｽﾌﾛｰﾄt12+A10+LowEt12,ｻﾝﾊﾞﾗﾝｽ_Low-E12+A10+FL12
複層ｶﾞﾗｽ合(ﾌﾛｰﾄt5+乳半色中間膜+ﾌﾛｰﾄt5)+A10+LowEt10,ｻﾝﾊﾞﾗﾝｽｾｷｭﾘﾃｨｰ_Low-E10+A10+FL5+FL5(乳30)
複層ｶﾞﾗｽ合(ﾌﾛｰﾄt6+耐熱強化t8)+A10+LowEt12,ｻﾝﾊﾞﾗﾝｽｾｷｭﾘﾃｨｰ_Low-E12+A10+FL6+FR8(60)
複層ｶﾞﾗｽ合(ﾌﾛｰﾄt6+耐熱強化t8)+A10+LowEt12,ｻﾝﾊﾞﾗﾝｽｾｷｭﾘﾃｨｰ_Low-E12+A10+FL6+FR8(60)
複層ｶﾞﾗｽ合(ﾌﾛｰﾄt6+耐熱強化t8)+A10+LowEt12,ｻﾝﾊﾞﾗﾝｽｾｷｭﾘﾃｨｰ_Low-E12+A10+FL6+FR8(60)
複層ｶﾞﾗｽ合(ﾌﾛｰﾄt6+乳白色中間膜+耐熱強化t8)+A10+LowEt12,ｻﾝﾊﾞﾗﾝｽｾｷｭﾘﾃｨｰ_Low-E12+A10+FL6+FR8(乳60)
複層ｶﾞﾗｽ合(ﾌﾛｰﾄt6+乳白色中間膜+耐熱強化t8)+A10+LowEt12,ｻﾝﾊﾞﾗﾝｽｾｷｭﾘﾃｨｰ_Low-E12+A10+FL6+FR8(乳60)
複層ｶﾞﾗｽ合(ﾌﾛｰﾄt6+乳白色中間膜+耐熱強化t8)+A10+LowEt12,ｻﾝﾊﾞﾗﾝｽｾｷｭﾘﾃｨｰ_Low-E12+A10+FL6+FR8(乳60)
複層ｶﾞﾗｽ合(ﾌﾛｰﾄt6+乳白色中間膜+耐熱強化t8)+A10+LowEt12,ｻﾝﾊﾞﾗﾝｽｾｷｭﾘﾃｨｰ_Low-E12+A10+FL6+FR8(乳60)
ﾌﾛｰﾄｶﾞﾗｽt8_2.18m2以下,透明フロート_８㍉
ﾌﾛｰﾄｶﾞﾗｽt8_4.45m2以下,透明フロート_８㍉
ﾌﾛｰﾄｶﾞﾗｽt10_2.18m2以下,透明フロート_１０㍉
ﾌﾛｰﾄｶﾞﾗｽt10_4.45m2以下,透明フロート_１０㍉
耐熱ｶﾞﾗｽt6.52.00m2以下,ﾏｲﾎﾞｰｶ_(透明ﾌﾛｰﾄ)_６.５㍉
耐熱ｶﾞﾗｽt6.54.00m2以下,ﾏｲﾎﾞｰｶ_(透明ﾌﾛｰﾄ)_６.５㍉
合わせｶﾞﾗｽ強化t8+強化t8,ﾗﾐｾｰﾌｾｷｭﾘﾃｨｰ(60mil)_強化8+強化8
複層ｶﾞﾗｽﾌﾛｰﾄt8+A10+ﾌﾛｰﾄt8,ﾍﾟｱｶﾞﾗｽ_FL8+A10+FL8
複層ｶﾞﾗｽﾌﾛｰﾄt10+A10+ﾌﾛｰﾄt8,ﾍﾟｱｶﾞﾗｽ_FL8+A10+FL10
複層ｶﾞﾗｽﾌﾛｰﾄt12+A10+ﾌﾛｰﾄt12,ﾍﾟｱｶﾞﾗｽ_FL12+A10+FL12
(LSD-1)霞ｶﾞﾗｽt6120×875,型板ガラス_６㍉
(LSD-3)霞ｶﾞﾗｽt6200×875,型板ガラス_６㍉
防犯合わせｶﾞﾗｽt4+t4180×1600,カラーラミセーフ_FL4+FL4(乳30)
防犯合わせﾌｧｲﾔｰｶﾞﾗｽt5+t4180×1600,カラーラミセーフ_FL4+FR5(乳60)
防煙垂壁網入り磨き板ｶﾞﾗｽ_t6.8,網(線)入りｶﾞﾗｽ_6.8ﾐﾘ
姿見鏡W300×H1500TOTO:YMK50K同等,サンミラー_５㍉･･･壁面／洗面
耐食鏡W600×H900TOTO:YM6090F同等,サンミラー_５㍉･･･壁面／洗面
化粧鏡t5.0_W1701.5×H1000,サンミラー_５㍉･･･壁面／洗面
化粧鏡t5.0_W1863×H900,サンミラー_５㍉･･･壁面／洗面
化粧鏡t5.0_W1855.5×H900,サンミラー_５㍉･･･壁面／洗面
化粧鏡t5.0_W1855.5×H900,サンミラー_５㍉･･･壁面／洗面
化粧鏡t5.0_W2731.5×H1000,ｻﾝﾐﾗｰ_５㍉_壁面／洗面_分割前提
化粧鏡t5.0_W450×H1000,サンミラー_５㍉･･･壁面／洗面
化粧鏡t5.0_W2861.5×H1000,ｻﾝﾐﾗｰ_５㍉_壁面／洗面_分割前提
化粧鏡t5.0_W450×H1000,サンミラー_５㍉･･･壁面／洗面
化粧鏡t5.0_W2368×H1000,サンミラー_５㍉･･･壁面／洗面
化粧鏡t5.0_W3000×H1000,ｻﾝﾐﾗｰ_５㍉_壁面／洗面_分割前提
強化ｶﾞﾗｽ厚さ_8㎜_平面_6.0㎡以下,ﾃﾝﾊﾟﾗｲﾄ_(透明ﾌﾛｰﾄ)_８㍉
複層ｶﾞﾗｽFL6+A12+FL6_特寸_2.0㎡以下,ﾍﾟｱｶﾞﾗｽ_FL6+A12+FL6
複層ｶﾞﾗｽFL6+A12+FL6_特寸_4.0㎡以下,ﾍﾟｱｶﾞﾗｽ_FL6+A12+FL6
複層ｶﾞﾗｽFL6+A12+FL6_特寸_6.0㎡以下,ﾍﾟｱｶﾞﾗｽ_FL6+A12+FL6
複層ｶﾞﾗｽFL8+A12+FL8_特寸_4.0㎡以下,ﾍﾟｱｶﾞﾗｽ_FL8+A12+FL8
複層ｶﾞﾗｽFL8+A12+FL8_特寸_6.0㎡以下,ﾍﾟｱｶﾞﾗｽ_FL8+A12+FL8
複層ｶﾞﾗｽFL8+A12+FL8_特寸_8.0㎡以下,ﾍﾟｱｶﾞﾗｽ_FL8+A12+FL8（8㎡以下）
複層ｶﾞﾗｽFL10+A12+FL10_特寸_6.0㎡以下,ﾍﾟｱｶﾞﾗｽ_FL10+A12+FL10
複層ｶﾞﾗｽFL10+A12+FL10_特寸_8.0㎡以下,ﾍﾟｱｶﾞﾗｽ_FL10+A12+FL10（8㎡以下）
複層ｶﾞﾗｽFL10+A12+FL12_特寸10.0㎡以下,ﾍﾟｱｶﾞﾗｽ_FL10+A12+FL12（10㎡以下）
複層ｶﾞﾗｽTG8+A8+TG8_特寸_4.0㎡以下,ﾍﾟｱｶﾞﾗｽ_強化8+A8+強化8
複層ｶﾞﾗｽTG8+A12+TG8_特寸_4.0㎡以下,ﾍﾟｱｶﾞﾗｽ_強化8+A12+強化8
複層ｶﾞﾗｽTG8+A12+TG8_特寸_6.0㎡以下,ﾍﾟｱｶﾞﾗｽ_強化8+A12+強化8
ﾌﾛｰﾄ板ｶﾞﾗｽ厚さ6_特寸_2.18㎡以下,透明フロート_６㍉
ﾌﾛｰﾄ板ｶﾞﾗｽ厚さ6_特寸_4.45㎡以下,透明フロート_６㍉
ﾌﾛｰﾄ板ｶﾞﾗｽ厚さ8_特寸_2.18㎡以下,透明フロート_８㍉
ﾌﾛｰﾄ板ｶﾞﾗｽ厚さ8_特寸_4.45㎡以下,透明フロート_８㍉
ﾌﾛｰﾄ板ｶﾞﾗｽ厚さ8_特寸_6.81㎡以下,透明フロート_８㍉
ﾌﾛｰﾄ板ｶﾞﾗｽ厚さ8_特寸11.36㎡以下,透明フロート_８㍉
ﾌﾛｰﾄ板ｶﾞﾗｽ厚さ10_特寸_4.45㎡以下,透明フロート_１０㍉
ﾌﾛｰﾄ板ｶﾞﾗｽ厚さ10_特寸_6.81㎡以下,透明フロート_１０㍉
ﾌﾛｰﾄ板ｶﾞﾗｽ厚さ12_特寸_4.45㎡以下,透明フロート_１２㍉
ﾌﾛｰﾄ板ｶﾞﾗｽ厚さ12_特寸_6.81㎡以下,透明フロート_１２㍉
強化ｶﾞﾗｽ厚さ_6㎜_平面_2.0㎡以下,ﾃﾝﾊﾟﾗｲﾄ_(透明ﾌﾛｰﾄ)_６㍉
強化ｶﾞﾗｽ厚さ_8㎜_平面_2.0㎡以下,ﾃﾝﾊﾟﾗｲﾄ_(透明ﾌﾛｰﾄ)_８㍉
強化ｶﾞﾗｽ厚さ_8㎜_平面_4.0㎡以下,ﾃﾝﾊﾟﾗｲﾄ_(透明ﾌﾛｰﾄ)_８㍉
強化ｶﾞﾗｽ厚さ_8㎜_平面_6.0㎡以下,ﾃﾝﾊﾟﾗｲﾄ_(透明ﾌﾛｰﾄ)_８㍉
すり板ｶﾞﾗｽFS5_特寸_2.18㎡以下,すり板ガラス_５㍉
合わせｶﾞﾗｽFL8(4+4)_平面_2.0㎡以下,ﾗﾐｾｰﾌｾｷｭﾘﾃｨｰ(30mil)_FL4+FL4
合わせｶﾞﾗｽFL16(8+8)_平面_2.0㎡以下,ﾗﾐｾｰﾌｾｷｭﾘﾃｨｰ(30mil)_FL8+FL8
合わせｶﾞﾗｽFL16(8+8)_平面_4.0㎡以下,ﾗﾐｾｰﾌｾｷｭﾘﾃｨｰ(30mil)_FL8+FL8
合わせｶﾞﾗｽFL16(8+8)_平面_6.0㎡以下,ﾗﾐｾｰﾌｾｷｭﾘﾃｨｰ(30mil)_FL8+FL8
合わせｶﾞﾗｽFL12(6+6)_平面_2.0㎡以下,ﾗﾐｾｰﾌｾｷｭﾘﾃｨｰ(30mil)_FL6+FL6
合わせｶﾞﾗｽFL12(6+6)_平面_4.0㎡以下,ﾗﾐｾｰﾌｾｷｭﾘﾃｨｰ(30mil)_FL6+FL6
複層ｶﾞﾗｽFL8+A12+FL8_特寸_6.0㎡以下,ﾍﾟｱｶﾞﾗｽ_FL8+A12+FL8
化粧柱強化ｶﾞﾗｽ厚さ_8㎜_平面_6.0㎡以下W1368×H3000,ﾃﾝﾊﾟﾗｲﾄ_(透明ﾌﾛｰﾄ)_８㍉
ｽﾃﾝﾄﾞｸﾞﾗｽｶﾊﾞｰ強化ｶﾞﾗｽ厚さ_6㎜_平面_2.0㎡以下W630×H1075,ﾃﾝﾊﾟﾗｲﾄ_(透明ﾌﾛｰﾄ)_６㍉
ｽﾃﾝﾄﾞｸﾞﾗｽｶﾊﾞｰ強化ｶﾞﾗｽ厚さ_6㎜_平面_2.0㎡以下W630×H1265,ﾃﾝﾊﾟﾗｲﾄ_(透明ﾌﾛｰﾄ)_６㍉
ｽﾃﾝﾄﾞｸﾞﾗｽｶﾊﾞｰ強化ｶﾞﾗｽ厚さ_6㎜_平面_2.0㎡以下W630×H1305,ﾃﾝﾊﾟﾗｲﾄ_(透明ﾌﾛｰﾄ)_６㍉
ｽﾃﾝﾄﾞｸﾞﾗｽｶﾊﾞｰ強化ｶﾞﾗｽ厚さ_6㎜_平面_2.0㎡以下W630×H1365,ﾃﾝﾊﾟﾗｲﾄ_(透明ﾌﾛｰﾄ)_６㍉
ｽﾃﾝﾄﾞｸﾞﾗｽｶﾊﾞｰ強化ｶﾞﾗｽ厚さ_6㎜_平面_2.0㎡以下W630×H1745,ﾃﾝﾊﾟﾗｲﾄ_(透明ﾌﾛｰﾄ)_６㍉
ｽﾃﾝﾄﾞｸﾞﾗｽｶﾊﾞｰ強化ｶﾞﾗｽ厚さ_6㎜_平面_2.0㎡以下W630×H1805,ﾃﾝﾊﾟﾗｲﾄ_(透明ﾌﾛｰﾄ)_６㍉
強化ガラス厚12.0_2.00㎡以下,ﾃﾝﾊﾟﾗｲﾄ_(透明ﾌﾛｰﾄ)_１２㍉
合せガラス厚12.0_2.00㎡以下FL6+FL6,ﾗﾐｾｰﾌｾｷｭﾘﾃｨｰ(30mil)_FL6+FL6
合せガラス厚12.0_4.00㎡以下FL6+FL6,ﾗﾐｾｰﾌｾｷｭﾘﾃｨｰ(30mil)_FL6+FL6
合せガラス厚16.0_4.00㎡以下FL8+FL8,ﾗﾐｾｰﾌｾｷｭﾘﾃｨｰ(30mil)_FL8+FL8
合せガラス厚16.0_2.00㎡以下T8+T8,ﾗﾐｾｰﾌｾｷｭﾘﾃｨｰ(60mil)_強化8+強化8
合せガラスt=30.0_W3020×H2865FL15+FL15,ﾗﾐｾｰﾌｾｷｭﾘﾃｨｰ(30mil)_FL15+FL15（特）
Low-E複層ガラス厚26.0_2.00㎡以下Low-E8+A6+,ｻﾝﾊﾞﾗﾝｽｾｷｭﾘﾃｨｰ_Low-E8+A6+FL6+FL6(防音30)
Low-E複層ガラス厚26.0_4.00㎡以下Low-E8+A6+,ｻﾝﾊﾞﾗﾝｽｾｷｭﾘﾃｨｰ_Low-E8+A6+FL6+FL6(防音30)
Low-E複層ガラス厚32.0_2.00㎡以下Low-E8+A12+,ｻﾝﾊﾞﾗﾝｽｾｷｭﾘﾃｨｰLow-E8+A12+FL6+FL6(防音30)
Low-E複層ガラス厚22.0_2.00㎡以下Low-E6+A6+,ｻﾝﾊﾞﾗﾝｽｾｷｭﾘﾃｨｰ_Low-E6+A6+FL5+FL5(防音30)
Low-E複層ガラス厚28.0_2.00㎡以下Low-E6+A12+,ｻﾝﾊﾞﾗﾝｽｾｷｭﾘﾃｨｰLow-E6+A12+FL5+FL5(防音30)
Low-E複層ガラス厚28.0_4.00㎡以下Low-E6+A12+,ｻﾝﾊﾞﾗﾝｽｾｷｭﾘﾃｨｰLow-E6+A12+FL5+FL5(防音30)
Low-E複層ガラス厚22.0_2.00㎡以下Low-E6+A6+FL10,ｻﾝﾊﾞﾗﾝｽ_Low-E6+A6+FL10
Low-E複層ガラス厚22.0_4.00㎡以下Low-E6+A6+FL10,ｻﾝﾊﾞﾗﾝｽ_Low-E6+A6+FL10
Low-E複層ガラス厚20.0_2.00㎡以下Low-E6+A6+FL8,ｻﾝﾊﾞﾗﾝｽ_Low-E6+A6+FL8
複層ガラス厚24.0_2.00㎡以下FL10+A6+FL8,ﾍﾟｱｶﾞﾗｽ_FL10+A6+FL8
複層ガラス厚24.0_4.00㎡以下FL10+A6+FL8,ﾍﾟｱｶﾞﾗｽ_FL10+A6+FL8
フロート板ガラス厚6.0_2.18㎡以下,透明フロート_６㍉
フロート板ガラス厚8.0_2.18㎡以下,透明フロート_８㍉
フロート板ガラス厚8.0_4.45㎡以下,透明フロート_８㍉
合せガラス厚8.0_2.00㎡以下T4+T4,ﾗﾐｾｰﾌｾｷｭﾘﾃｨｰ(60mil)_強化4+強化4
防護柵_強化ガラスt=10_W700×H500取付金物:ｽﾃﾝﾚｽ_HL_32φ,ﾃﾝﾊﾟﾗｲﾄ_(透明ﾌﾛｰﾄ)_１０㍉（ｶﾞﾗｽのみ）
1F_EVﾎｰﾙ1防護柵_強化ガラスt=10_W850×H500取付金物:ｽﾃﾝﾚｽ_HL_32φ,ﾃﾝﾊﾟﾗｲﾄ_(透明ﾌﾛｰﾄ)_１０㍉（ｶﾞﾗｽのみ）
フロート板ガラス厚8.0_2.18㎡以下,透明フロート_８㍉
フロート板ガラス厚8.0_4.45㎡以下,透明フロート_８㍉
耐熱強化ガラス厚6.5_100×2000,ﾏｲﾎﾞｰｶ_(透明ﾌﾛｰﾄ)_６.５㍉
合せガラス厚8.0_2.00㎡以下T4+T4_ﾀﾍﾟｽﾄﾘｰ加工,ﾗﾐｾｰﾌｾｷｭﾘﾃｨｰ(60mil)_強化4+型板強化4_※
防護柵_強化ガラスt=10_W1580×H500,ﾃﾝﾊﾟﾗｲﾄ_(透明ﾌﾛｰﾄ)_１０㍉（ｶﾞﾗｽのみ）
フロート板ガラス厚8.0_2.18㎡以下,透明フロート_８㍉
フロート板ガラス厚8.0_4.45㎡以下,透明フロート_８㍉
フロート板ガラス厚8.0_2.18㎡以下,透明フロート_８㍉
防護柵_強化ガラスt=10_W1250×H500,ﾃﾝﾊﾟﾗｲﾄ_(透明ﾌﾛｰﾄ)_１０㍉（ｶﾞﾗｽのみ）
フロート板ガラス厚6.0_W100×H950,透明フロート_６㍉
フロート板ガラス厚6.0_W100×H1900,透明フロート_６㍉
耐熱強化ガラス厚6.5_100×2000,ﾏｲﾎﾞｰｶ_(透明ﾌﾛｰﾄ)_６.５㍉
防護柵_強化ガラスt=10_W700×H500,ﾃﾝﾊﾟﾗｲﾄ_(透明ﾌﾛｰﾄ)_１０㍉（ｶﾞﾗｽのみ）
フロストミラー,ﾌﾛｽﾄｸﾞﾗｽ_ﾒﾀﾘｯｸ_５㍉
化粧鏡厚5.0_W450×H1100,サンミラー_５㍉･･･壁面／洗面
姿見鏡厚6.0_ｴｯｼﾞ:ｽﾃﾝﾚｽ_厚1.5_HL,サンミラー_６㍉･･･壁面／洗面
強化合わせガラスTG6+TG6_4.00㎡以下,ﾗﾐｾｰﾌｾｷｭﾘﾃｨｰ(60mil)_強化6+強化6
強化合わせガラスTG10+TG12_W660×H2215,ﾗﾐｾｰﾌｾｷｭﾘﾃｨｰ(60mil)_強化10+強化12
強化合わせガラスTG10+TG12_W760×H2215,ﾗﾐｾｰﾌｾｷｭﾘﾃｨｰ(60mil)_強化10+強化12
強化合わせガラスTG10+TG12_4.00㎡以下,ﾗﾐｾｰﾌｾｷｭﾘﾃｨｰ(60mil)_強化10+強化12
フロートガラスt=6.0_2.18㎡以下,透明フロート_６㍉
フロートガラスt=6.0_4.45㎡以下,透明フロート_６㍉
フロートガラスt=10_2.18㎡以下,透明フロート_１０㍉
フロートガラスt=12_4.45㎡以下,透明フロート_１２㍉
倍強度ガラスt=6.0_2.00㎡以下ｾﾗﾐｯｸﾌﾟﾘﾝﾄ,セラプリライト_６㍉＜指定柄＞
倍強度ガラスt=6.0_2.00㎡以下ｾﾗﾐｯｸﾌﾟﾘﾝﾄ,セラプリライト_６㍉＜指定柄＞（異形）
合わせガラスFL10+FL10_2.00㎡以下,ﾗﾐｾｰﾌｾｷｭﾘﾃｨｰ(30mil)_FL10+FL10
合わせガラスFL10+FL10_4.00㎡以下,ﾗﾐｾｰﾌｾｷｭﾘﾃｨｰ(30mil)_FL10+FL10
Ｌｏｗ－Ｅ複層ガラスLow-E6+A6+TP8_2.00㎡以下,ｻﾝﾊﾞﾗﾝｽ_Low-E6+A6+強化8
Ｌｏｗ－Ｅ複層ガラスLow-E6+A6+TP8_4.00㎡以下,ｻﾝﾊﾞﾗﾝｽ_Low-E6+A6+強化8
Ｌｏｗ－Ｅ複層ガラスLow-E8+A6+TP8_2.00㎡以下,ｻﾝﾊﾞﾗﾝｽ_Low-E8+A6+強化8
Ｌｏｗ－Ｅ合わせ複層ガラスLow-E8+A6+(FL5+FL5),ｻﾝﾊﾞﾗﾝｽｾｷｭﾘﾃｨｰ_Low-E8+A6+FL5+FL5(30ﾐﾙ)
Ｌｏｗ－Ｅ合わせ複層ガラスLow-E8+A6+(FL6+CP･HS6),ｻﾝﾊﾞﾗﾝｽｾｷｭﾘﾃｨｰ_Low-E8+A6+FL6+HS6(SG60)※
Ｌｏｗ－Ｅ複層ガラスLow-E6+A12+FL5_2.00㎡以下,ｻﾝﾊﾞﾗﾝｽ_Low-E6+A12+FL5
Ｌｏｗ－Ｅ複層ガラスLow-E6+A12+FL5_4.00㎡以下,ｻﾝﾊﾞﾗﾝｽ_Low-E6+A12+FL5
Ｌｏｗ－Ｅ複層ガラスLow-E6+A12+TP8_2.00㎡以下,ｻﾝﾊﾞﾗﾝｽ_Low-E6+A12+強化8
Ｌｏｗ－Ｅ複層ガラスLow-E6+A12+TP8_2.00㎡以下異形(切断有),ｻﾝﾊﾞﾗﾝｽ_Low-E6+A12+強化8（異形）
Ｌｏｗ－Ｅ複層ガラスLow-E6+A12+TP8_4.00㎡以下,ｻﾝﾊﾞﾗﾝｽ_Low-E6+A12+強化8
Ｌｏｗ－Ｅ複層ガラスLow-E8+A12+FL8_2.00㎡以下,ｻﾝﾊﾞﾗﾝｽ_Low-E8+A12+FL8
Ｌｏｗ－Ｅ複層ガラスLow-E8+A12+FL8_4.00㎡以下,ｻﾝﾊﾞﾗﾝｽ_Low-E8+A12+FL8
Ｌｏｗ－Ｅ合わせ複層ガラスLow-E8+A12+(FL5+FL5)2.00㎡以下,ｻﾝﾊﾞﾗﾝｽｾｷｭﾘﾃｨｰ_Low-E8+A12+FL5+FL5(30ﾐﾙ)
Ｌｏｗ－Ｅ合わせ複層ガラスLow-E8+A12+(FL5+FL5)4.00㎡以下,ｻﾝﾊﾞﾗﾝｽｾｷｭﾘﾃｨｰ_Low-E8+A12+FL5+FL5(30ﾐﾙ)
Ｌｏｗ－Ｅ合わせ複層ガラスLow-E8+A12+(FL6+CP･HS6)2.00㎡以下,ｻﾝﾊﾞﾗﾝｽｾｷｭﾘﾃｨｰ_Low-E8+A6+FL6+HS6(SG60)※
Ｌｏｗ－Ｅ複層ガラスLow-ETP8+A6+TP8_2.00㎡以下,ｻﾝﾊﾞﾗﾝｽ_Low-E強化8+A6+強化8
Ｌｏｗ－Ｅ複層ガラスLow-ETP8+A12+TP8_2.00㎡以下,ｻﾝﾊﾞﾗﾝｽ_Low-E強化8+A12+強化8
Ｌｏｗ－Ｅ複層ガラスLow-ETP8+A12+TP8_2.00㎡以下異形(切断有),ｻﾝﾊﾞﾗﾝｽ_Low-E強化8+A12+強化8（異形）
Ｌｏｗ－Ｅ複層ガラスLow-ETP8+A12+TP8_4.00㎡以下,ｻﾝﾊﾞﾗﾝｽ_Low-E強化8+A12+強化8
網入磨板ガラスt=6.8_W100×H1900,網入磨ガラス_６．８㍉
すり板ガラスt=5.0_W100×H100,すり板ガラス_５㍉
強化ガラスt=6.0_6.00㎡以下,ﾃﾝﾊﾟﾗｲﾄ_(透明ﾌﾛｰﾄ)_６㍉
強化ガラスt=8.0_2.00㎡以下,ﾃﾝﾊﾟﾗｲﾄ_(透明ﾌﾛｰﾄ)_８㍉
合わせガラスPWG10+FL8_2.00㎡以下,ﾗﾐｾｰﾌｾｷｭﾘﾃｨｰ(30mil)_PW10+FL8
強化合わせガラスTG6+TG6_2.00㎡以下,ﾗﾐｾｰﾌｾｷｭﾘﾃｨｰ(60mil)_強化6+強化6
強化合わせガラスTG6+TG6_4.00㎡以下,ﾗﾐｾｰﾌｾｷｭﾘﾃｨｰ(60mil)_強化6+強化6
強化合わせガラスTG8+TG8_4.00㎡以下,ﾗﾐｾｰﾌｾｷｭﾘﾃｨｰ(60mil)_強化8+強化8
強化合わせガラスTG10+TG6_500φ,異形ﾗﾐｾｰﾌｾｷｭﾘﾃｨｰ(60mil)_強化6+強化10
強化合わせガラスTG10+TG12_4.00㎡以下,ﾗﾐｾｰﾌｾｷｭﾘﾃｨｰ(60mil)_強化10+強化12
強化合わせガラスTG10+TG12_6.00㎡以上,ﾗﾐｾｰﾌｾｷｭﾘﾃｨｰ(60mil)_強化10+強化12
すり板ガラスt=5.0_W100×H100,すり板ガラス_５㍉
合わせガラスﾌﾛｰﾄ5+ﾌﾛｰﾄ5_2.00㎡以下,ﾗﾐｾｰﾌｾｷｭﾘﾃｨｰ(30mil)_FL5+FL5
強化ガラスt=6.0_2.00㎡以下,ﾃﾝﾊﾟﾗｲﾄ_(透明ﾌﾛｰﾄ)_６㍉
強化ガラスt=6.0_4.00㎡以下,ﾃﾝﾊﾟﾗｲﾄ_(透明ﾌﾛｰﾄ)_６㍉
合わせガラスﾌﾛｰﾄ5+ﾌﾛｰﾄ5_4.00㎡以下,ﾗﾐｾｰﾌｾｷｭﾘﾃｨｰ(30mil)_FL5+FL5
強化ガラスt=12.0_2.00㎡以下防護柵用,ﾃﾝﾊﾟﾗｲﾄ_(透明ﾌﾛｰﾄ)_１２㍉
強化ガラスt=12.0_4.00㎡以下防護柵用,ﾃﾝﾊﾟﾗｲﾄ_(透明ﾌﾛｰﾄ)_１２㍉
網入磨き板ガラスt=10_2.18㎡以下,網入磨ガラス(ﾋｼ)_１０㍉
ガラススクリーンW15000×H2000強化合わせｶﾞﾗｽ_t=8+8,ﾗﾐｾｰﾌｾｷｭﾘﾃｨｰ(60mil)_強化8+強化8
3F共用ｴﾘｱ1他化粧鏡防湿鏡_t=6_φ450日本板硝子_ﾊｲﾐﾗｰDXⅡ同等品,異形ｻﾝﾐﾗｰ_ﾃﾞﾗｯｸｽ_６㍉･･･壁面／洗面
ﾄｲﾚ他化粧鏡防湿鏡_t=6_φ450日本板硝子_ﾊｲﾐﾗｰDXⅡ同等品,異形ｻﾝﾐﾗｰ_ﾃﾞﾗｯｸｽ_６㍉･･･壁面／洗面
ﾀﾞﾝｽｽﾀｼﾞｵ壁姿見鏡t=6_W3550×H3500下地耐水合板t12共,ｻﾝﾐﾗｰ_６㍉_壁面／洗面_分割前提
ｶﾞﾗｽ手摺_H1100_平部_強化ｶﾞﾗｽ_t12,ﾃﾝﾊﾟﾗｲﾄ_(透明ﾌﾛｰﾄ)12㍉_H1100(ｶﾞﾗｽのみ)
ｶﾞﾗｽ手摺_H1200_平部_強化ｶﾞﾗｽ_t15,ﾃﾝﾊﾟﾗｲﾄ_(透明ﾌﾛｰﾄ)15㍉_H1200(ｶﾞﾗｽのみ)
ｶﾞﾗｽ手摺_平部_W500×H1200_強化合わせｶﾞﾗｽ_t15+12,ﾗﾐｾｰﾌｾｷｭﾘﾃｨｰ(60mil)_強化12+強化15
ｶﾞﾗｽ手摺_平部_W750×H1200_強化合わせｶﾞﾗｽ_t15+12,ﾗﾐｾｰﾌｾｷｭﾘﾃｨｰ(60mil)_強化12+強化15
ﾌﾛｰﾄｶﾞﾗｽ_t12_4.45m2以下,透明フロート_１２㍉
ﾌﾛｰﾄｶﾞﾗｽ_t5_2.18m2以下,透明フロート_５㍉
ﾌﾛｰﾄｶﾞﾗｽ_t8_2.18m2以下,透明フロート_８㍉
ﾌﾛｰﾄｶﾞﾗｽ_t5_W1150×H900,透明フロート_５㍉
ﾌﾛｰﾄｶﾞﾗｽ_t5_W1200×H1050,透明フロート_５㍉
ﾌﾛｰﾄｶﾞﾗｽ_t5_W1200×H1050,透明フロート_５㍉
ﾌﾛｰﾄｶﾞﾗｽ_t5_W1350×H1100,透明フロート_５㍉
ﾌﾛｰﾄｶﾞﾗｽ_t5_W1400×H500,透明フロート_５㍉
ﾌﾛｰﾄｶﾞﾗｽ_t5_W1600×H1100,透明フロート_５㍉
ﾌﾛｰﾄｶﾞﾗｽ_t5_W900×H900,透明フロート_５㍉
ﾌﾛｰﾄｶﾞﾗｽ_t8_W100×H1800,透明フロート_８㍉
ﾌﾛｰﾄｶﾞﾗｽ_t8_W100×H1900,透明フロート_８㍉
ﾌﾛｰﾄｶﾞﾗｽ_t8_W150×H1800,透明フロート_８㍉
ﾌﾛｰﾄｶﾞﾗｽ_t8_W150×H1900,透明フロート_８㍉
ﾌﾛｰﾄ合せｶﾞﾗｽ_厚さ12+12_H900,ﾗﾐｾｰﾌｾｷｭﾘﾃｨｰ(30mil)_FL12+FL12_H900
引違受付窓_強化ｶﾞﾗｽ_厚さ_6㎜_W1400×H1000,ﾃﾝﾊﾟﾗｲﾄ_(透明ﾌﾛｰﾄ)_６㍉(ｶﾞﾗｽのみ)
強化ｶﾞﾗｽ_厚さ4_W100×H1700,ﾃﾝﾊﾟﾗｲﾄ_(透明ﾌﾛｰﾄ)_４㍉
強化ｶﾞﾗｽ_厚さ8_W800×H922,ﾃﾝﾊﾟﾗｲﾄ_(透明ﾌﾛｰﾄ)_８㍉
強化ｶﾞﾗｽ_t10_4.00m2以下,ﾃﾝﾊﾟﾗｲﾄ_(透明ﾌﾛｰﾄ)_１０㍉
強化ｶﾞﾗｽ_t10_4.00m2以下,ﾃﾝﾊﾟﾗｲﾄ_(透明ﾌﾛｰﾄ)_１０㍉
強化ｶﾞﾗｽ_t10_6.00m2以下,ﾃﾝﾊﾟﾗｲﾄ_(透明ﾌﾛｰﾄ)_１０㍉
強化ｶﾞﾗｽ_t5_2.00m2以下,ﾃﾝﾊﾟﾗｲﾄ_(透明ﾌﾛｰﾄ)_５㍉
強化ｶﾞﾗｽ_t8_2.00m2以下,ﾃﾝﾊﾟﾗｲﾄ_(透明ﾌﾛｰﾄ)_８㍉
強化ｶﾞﾗｽ_t8_2.00m2以下,ﾃﾝﾊﾟﾗｲﾄ_(透明ﾌﾛｰﾄ)_８㍉
強化ｶﾞﾗｽ_t8_4.00m2以下,ﾃﾝﾊﾟﾗｲﾄ_(透明ﾌﾛｰﾄ)_８㍉
強化ｶﾞﾗｽ_t10_W1055×H3000,ﾃﾝﾊﾟﾗｲﾄ_(透明ﾌﾛｰﾄ)_１０㍉
強化ｶﾞﾗｽ_t10_W1375×H3000,ﾃﾝﾊﾟﾗｲﾄ_(透明ﾌﾛｰﾄ)_１０㍉
強化ｶﾞﾗｽ_t10_W1495.3×H3000,ﾃﾝﾊﾟﾗｲﾄ_(透明ﾌﾛｰﾄ)_１０㍉
強化ｶﾞﾗｽ_t10_W2022×H3000,ﾃﾝﾊﾟﾗｲﾄ_(透明ﾌﾛｰﾄ)_１０㍉
強化ｶﾞﾗｽ_t10_W2039.5×H3500,ﾃﾝﾊﾟﾗｲﾄ_(透明ﾌﾛｰﾄ)_１０㍉
強化ｶﾞﾗｽ_t6_W100×H1800,ﾃﾝﾊﾟﾗｲﾄ_(透明ﾌﾛｰﾄ)_６㍉
強化ｶﾞﾗｽ_t8_W1875×H3450,ﾃﾝﾊﾟﾗｲﾄ_(透明ﾌﾛｰﾄ)_８㍉
強化ｶﾞﾗｽ_t8_W1943×H3450,ﾃﾝﾊﾟﾗｲﾄ_(透明ﾌﾛｰﾄ)_８㍉
強化ｶﾞﾗｽ_t8_W1995×H3450,ﾃﾝﾊﾟﾗｲﾄ_(透明ﾌﾛｰﾄ)_８㍉
型板ｶﾞﾗｽ_t4_W150×H150,型板ガラス_４㍉
耐熱強化ｶﾞﾗｽ_t8_2.00m2以下,ﾏｲﾎﾞｰｶ_(透明ﾌﾛｰﾄ)_８㍉
倍強度ｶﾞﾗｽ_厚さ_8㎜_特寸_6.0㎡以下,HSﾗｲﾄ_(透明ﾌﾛｰﾄ)_８㍉
複層ｶﾞﾗｽ_FL5+A12+FL5_2.00m2以下,ﾍﾟｱｶﾞﾗｽ_FL5+A12+FL5
複層ｶﾞﾗｽ_FL5+A12+FL5_2.00m2以下,ﾍﾟｱｶﾞﾗｽ_FL5+A12+FL5
複層ｶﾞﾗｽ_FL5+A12+FL5_4.00m2以下,ﾍﾟｱｶﾞﾗｽ_FL5+A12+FL5
複層ｶﾞﾗｽ_FL6+A12+FL5_4.00m2以下,ﾍﾟｱｶﾞﾗｽ_FL5+A12+FL6
複層ｶﾞﾗｽ_LowE10+A12+FL10_2.00m2以下,ｻﾝﾊﾞﾗﾝｽ_Low-E10+A12+FL10
複層ｶﾞﾗｽ_LowE10+A12+FL12_4.00m2以下,ｻﾝﾊﾞﾗﾝｽ_Low-E10+A12+FL12
複層ｶﾞﾗｽ_LowE12+A12+FL12_4.00m2以下,ｻﾝﾊﾞﾗﾝｽ_Low-E12+A12+FL12
複層ｶﾞﾗｽ_LowE12+A12+FL15_4.00m2以下,ｻﾝﾊﾞﾗﾝｽ_Low-E12+A12+FL15
複層ｶﾞﾗｽ_LowE4+A12+FL4_2.00m2以下,ｻﾝﾊﾞﾗﾝｽ_Low-E4+A12+FL4
複層ｶﾞﾗｽ_LowE5+A12+FL10_2.00m2以下,ｻﾝﾊﾞﾗﾝｽ_Low-E6+A12+FL10
複層ｶﾞﾗｽ_LowE5+A12+FL5_2.00m2以下,ｻﾝﾊﾞﾗﾝｽ_Low-E5+A12+FL5
複層ｶﾞﾗｽ_LowE5+A12+FL5_4.00m2以下,ｻﾝﾊﾞﾗﾝｽ_Low-E5+A12+FL5
複層ｶﾞﾗｽ_LowE5+A12+FL6_4.00m2以下,ｻﾝﾊﾞﾗﾝｽ_Low-E5+A12+FL6
複層ｶﾞﾗｽ_LowE6+A12+FL6_2.00m2以下,ｻﾝﾊﾞﾗﾝｽ_Low-E6+A12+FL6
複層ｶﾞﾗｽ_LowE6+A12+FL6_4.00m2以下,ｻﾝﾊﾞﾗﾝｽ_Low-E6+A12+FL6
複層ｶﾞﾗｽ_LowE6+A12+FL6_4.00m2以下,ｻﾝﾊﾞﾗﾝｽ_Low-E6+A12+FL6
複層ｶﾞﾗｽ_LowE6+A12+FL6_6.00m2以下,ｻﾝﾊﾞﾗﾝｽ_Low-E6+A12+FL6
複層ｶﾞﾗｽ_LowE6+A12+FL6_6.00m2以下,ｻﾝﾊﾞﾗﾝｽ_Low-E6+A12+FL6
複層ｶﾞﾗｽ_LowE6+A12+FL8_2.00m2以下,ｻﾝﾊﾞﾗﾝｽ_Low-E6+A12+FL8
複層ｶﾞﾗｽ_LowE6+A6+FL6_2.00m2以下,ｻﾝﾊﾞﾗﾝｽ_Low-E6+A6+FL6
複層ｶﾞﾗｽ_LowE6+A6+FL6_4.00m2以下,ｻﾝﾊﾞﾗﾝｽ_Low-E6+A6+FL6
複層ｶﾞﾗｽ_LowE8+A12+FL10_2.00m2以下,ｻﾝﾊﾞﾗﾝｽ_Low-E8+A12+FL10
複層ｶﾞﾗｽ_LowE8+A12+T8_2.00m2以下,ｻﾝﾊﾞﾗﾝｽ_Low-E8+A12+強化8
複層ｶﾞﾗｽ_LowE8+A12+T8_4.00m2以下,ｻﾝﾊﾞﾗﾝｽ_Low-E8+A12+強化8
複層ｶﾞﾗｽ_LowE8+A12+T8_6.00m2以下,ｻﾝﾊﾞﾗﾝｽ_Low-E8+A12+強化8
複層ｶﾞﾗｽ_T8+A8+T8_2.00m2以下,ﾍﾟｱｶﾞﾗｽ_強化8+A8+強化8
複層ｶﾞﾗｽ_LowE8+A12+T8_W1875×H3450,ｻﾝﾊﾞﾗﾝｽ_Low-E8+A12+強化8
複層ｶﾞﾗｽ_LowE8+A12+T8_W1884×H3450,ｻﾝﾊﾞﾗﾝｽ_Low-E8+A12+強化8
網入みがき板ｶﾞﾗｽ_厚さ10_W1094×H1027.2,異形網入磨ガラス(ﾋｼ)_１０㍉
網入みがき板ｶﾞﾗｽ_厚さ10_W1250×H1990,異形網入磨ガラス(ﾋｼ)_１０㍉
網入みがき板ｶﾞﾗｽ_厚さ10_W1251×H1027.2,異形網入磨ガラス(ﾋｼ)_１０㍉
網入みがき板ｶﾞﾗｽ_厚さ10_W1408×H1027.2,異形網入磨ガラス(ﾋｼ)_１０㍉
網入みがき板ｶﾞﾗｽ_厚さ10_W1565×H1027.2,異形網入磨ガラス(ﾋｼ)_１０㍉
網入みがき板ｶﾞﾗｽ_厚さ10_W1585×H1134,異形網入磨ガラス(ﾋｼ)_１０㍉
網入みがき板ｶﾞﾗｽ_厚さ10_W1585×H745,異形網入磨ガラス(ﾋｼ)_１０㍉
網入みがき板ｶﾞﾗｽ_厚さ10_W1700×H1490,異形網入磨ガラス(ﾋｼ)_１０㍉
網入みがき板ｶﾞﾗｽ_厚さ10_W1722×H1027.2,異形網入磨ガラス(ﾋｼ)_１０㍉
網入みがき板ｶﾞﾗｽ_厚さ10_W1879×H1027.2,異形網入磨ガラス(ﾋｼ)_１０㍉
網入みがき板ｶﾞﾗｽ_厚さ10_W2036×H1027.2,異形網入磨ガラス(ﾋｼ)_１０㍉
網入みがき板ｶﾞﾗｽ_厚さ10_W2193×H1027.2,異形網入磨ガラス(ﾋｼ)_１０㍉
網入みがき板ｶﾞﾗｽ_厚さ10_W2350×H1027.2,異形網入磨ガラス(ﾋｼ)_１０㍉
網入みがき板ｶﾞﾗｽ_厚さ10_W500×H790,異形網入磨ガラス(ﾋｼ)_１０㍉
ﾌﾛｰﾄ板ｶﾞﾗｽ_厚さ15_特寸_2.18㎡以下,透明フロート_１５㍉
ﾌﾛｰﾄ板ｶﾞﾗｽ_厚さ15_特寸_4.45㎡以下,透明フロート_１５㍉
ﾌﾛｰﾄ板ｶﾞﾗｽ_厚さ15_特寸_6.81㎡以下,透明フロート_１５㍉
ﾌﾛｰﾄ板ｶﾞﾗｽ_厚さ15_特寸_9.09㎡以下,透明フロート_１５㍉
ﾌﾛｰﾄ板ｶﾞﾗｽ_厚さ5_特寸_2.18㎡以下,透明フロート_５㍉
ﾌﾛｰﾄ板ｶﾞﾗｽ_厚さ5_特寸_2.18㎡以下,透明フロート_５㍉
ﾌﾛｰﾄ板ｶﾞﾗｽ_厚さ5_特寸_4.45㎡以下,透明フロート_５㍉
ﾌﾛｰﾄ板ｶﾞﾗｽ_厚さ6_特寸_4.45㎡以下,透明フロート_６㍉
ﾌﾛｰﾄ板ｶﾞﾗｽ_厚さ6_W100×H1800,透明フロート_６㍉
ﾌﾛｰﾄ板ｶﾞﾗｽ_厚さ6_W100×H900,透明フロート_６㍉
強化ｶﾞﾗｽ_厚さ_5㎜_平面_4.0㎡以下,ﾃﾝﾊﾟﾗｲﾄ_(透明ﾌﾛｰﾄ)_５㍉
強化ｶﾞﾗｽ_厚さ_6㎜_平面_2.0㎡以下,ﾃﾝﾊﾟﾗｲﾄ_(透明ﾌﾛｰﾄ)_６㍉
強化ｶﾞﾗｽ_厚さ_6㎜_平面_4.0㎡以下,ﾃﾝﾊﾟﾗｲﾄ_(透明ﾌﾛｰﾄ)_６㍉
強化ｶﾞﾗｽ_厚さ_6㎜_平面_6.0㎡以下,ﾃﾝﾊﾟﾗｲﾄ_(透明ﾌﾛｰﾄ)_６㍉
型板ｶﾞﾗｽ_厚さ4_W100×H100,型板ガラス_４㍉
型板ｶﾞﾗｽ_厚さ6_W100×H1800,型板ガラス_６㍉
型板ｶﾞﾗｽ_厚さ6_W150×H1800,型板ガラス_６㍉
複層ｶﾞﾗｽ_LowE5+A12+FL5_特寸_2.0㎡以下,ｻﾝﾊﾞﾗﾝｽ_Low-E5+A12+FL5
複層ｶﾞﾗｽ_LowE5+A12+FL5_特寸_4.0㎡以下,ｻﾝﾊﾞﾗﾝｽ_Low-E5+A12+FL5
複層ｶﾞﾗｽ_LowE5+A12+FL5_特寸_6.0㎡以下,ｻﾝﾊﾞﾗﾝｽ_Low-E5+A12+FL5
複層ｶﾞﾗｽ_LowE5+A12+FL5_特寸2.0㎡以下,ｻﾝﾊﾞﾗﾝｽ_Low-E5+A12+FL5
複層ｶﾞﾗｽ_LowE5+A12+FL5_特寸4.0㎡以下,ｻﾝﾊﾞﾗﾝｽ_Low-E5+A12+FL5
複層ｶﾞﾗｽ_LowE6+A12+FL6_特寸_2.0㎡以下,ｻﾝﾊﾞﾗﾝｽ_Low-E6+A12+FL6
複層ｶﾞﾗｽ_LowE6+A12+FL6_特寸_4.0㎡以下,ｻﾝﾊﾞﾗﾝｽ_Low-E6+A12+FL6
複層ｶﾞﾗｽ_LowE6+A12+FL6_特寸_6.0㎡以下,ｻﾝﾊﾞﾗﾝｽ_Low-E6+A12+FL6
複層ｶﾞﾗｽ_LowE8+A12+FL8_特寸_6.0㎡以下,ｻﾝﾊﾞﾗﾝｽ_Low-E8+A12+FL8
複層ｶﾞﾗｽ_LowE8+A12+FL8_特寸2.0㎡以下,ｻﾝﾊﾞﾗﾝｽ_Low-E8+A12+FL8
複層ｶﾞﾗｽ_LowE8+A12+FL8_特寸4.0㎡以下,ｻﾝﾊﾞﾗﾝｽ_Low-E8+A12+FL8
複層ｶﾞﾗｽ_LowE8+A12+FL8_特寸6.0㎡以下,ｻﾝﾊﾞﾗﾝｽ_Low-E8+A12+FL8
網入みがき板ｶﾞﾗｽ_厚さ10_特寸_2.18㎡以下,網入磨ガラス(ﾋｼ)_１０㍉
